0 verbose cli /usr/local/bin/node /usr/local/bin/npm
1 info using npm@10.8.2
2 info using node@v20.19.0
3 silly config load:file:/usr/local/lib/node_modules/npm/npmrc
4 silly config load:file:/Users/annasahebkute/Documents/My workplace/001 My Product/006 my-stock-portfolio/my-stock-widget/.npmrc
5 silly config load:file:/Users/annasahebkute/.npmrc
6 silly config load:file:/usr/local/etc/npmrc
7 verbose title npm install firebase-tools
8 verbose argv "install" "--save-dev" "firebase-tools"
9 verbose logfile logs-max:10 dir:/Users/annasahebkute/Documents/My workplace/001 My Product/006 my-stock-portfolio/my-stock-widget/.npm-cache/_logs/2026-08-07T19_32_08_747Z-
10 verbose logfile /Users/annasahebkute/Documents/My workplace/001 My Product/006 my-stock-portfolio/my-stock-widget/.npm-cache/_logs/2026-08-07T19_32_08_747Z-debug-0.log
11 silly packumentCache heap:4345298944 maxSize:1086324736 maxEntrySize:543162368
12 silly logfile done cleaning log files
13 silly idealTree buildDeps
14 silly fetch manifest firebase-tools@*
15 silly packumentCache full:https://registry.npmjs.org/firebase-tools cache-miss
16 http fetch GET 200 https://registry.npmjs.org/firebase-tools 33ms (cache hit)
17 silly packumentCache full:https://registry.npmjs.org/firebase-tools set size:2466105 disposed:false
18 silly placeDep ROOT firebase-tools@15.26.0 OK for: my-stock-widget@0.0.0 want: *
19 silly fetch manifest pg@^8.11.3
20 silly packumentCache full:https://registry.npmjs.org/pg cache-miss
21 silly fetch manifest ws@^8.21.1
22 silly packumentCache full:https://registry.npmjs.org/ws cache-miss
23 silly fetch manifest ajv@^8.17.1
24 silly packumentCache full:https://registry.npmjs.org/ajv cache-miss
25 silly fetch manifest tar@^7.5.11
26 silly packumentCache full:https://registry.npmjs.org/tar cache-miss
27 silly fetch manifest tmp@^0.2.3
28 silly packumentCache full:https://registry.npmjs.org/tmp cache-miss
29 silly fetch manifest zod@^4.0.0
30 silly packumentCache full:https://registry.npmjs.org/zod cache-miss
31 silly fetch manifest glob@^10.5.0
32 silly packumentCache full:https://registry.npmjs.org/glob cache-miss
33 silly fetch manifest open@^6.3.0
34 silly packumentCache full:https://registry.npmjs.org/open cache-miss
35 silly fetch manifest yaml@^2.8.3
36 silly packumentCache full:https://registry.npmjs.org/yaml cache-miss
37 silly fetch manifest cjson@^0.3.1
38 silly packumentCache full:https://registry.npmjs.org/cjson cache-miss
39 silly fetch manifest fuzzy@^0.1.3
40 silly packumentCache full:https://registry.npmjs.org/fuzzy cache-miss
41 http fetch GET 200 https://registry.npmjs.org/cjson 90ms (cache hit)
42 silly packumentCache full:https://registry.npmjs.org/cjson set size:24554 disposed:false
43 silly fetch manifest lsofi@^2.0.0
44 silly packumentCache full:https://registry.npmjs.org/lsofi cache-miss
45 http fetch GET 200 https://registry.npmjs.org/ws 93ms (cache hit)
46 silly packumentCache full:https://registry.npmjs.org/ws set size:447661 disposed:false
47 silly fetch manifest retry@^0.13.1
48 silly packumentCache full:https://registry.npmjs.org/retry cache-miss
49 http fetch GET 200 https://registry.npmjs.org/fuzzy 94ms (cache hit)
50 silly packumentCache full:https://registry.npmjs.org/fuzzy set size:12033 disposed:false
51 silly fetch manifest gaxios@^6.7.0
52 silly packumentCache full:https://registry.npmjs.org/gaxios cache-miss
53 http fetch GET 200 https://registry.npmjs.org/tar 95ms (cache hit)
54 silly packumentCache full:https://registry.npmjs.org/tar set size:591769 disposed:false
55 silly fetch manifest ignore@^7.0.4
56 silly packumentCache full:https://registry.npmjs.org/ignore cache-miss
57 http fetch GET 200 https://registry.npmjs.org/pg 100ms (cache hit)
58 silly packumentCache full:https://registry.npmjs.org/pg set size:479959 disposed:false
59 silly fetch manifest marked@^13.0.2
60 silly packumentCache full:https://registry.npmjs.org/marked cache-miss
61 http fetch GET 200 https://registry.npmjs.org/tmp 104ms (cache hit)
62 silly packumentCache full:https://registry.npmjs.org/tmp set size:79523 disposed:false
63 silly fetch manifest morgan@^1.10.0
64 silly packumentCache full:https://registry.npmjs.org/morgan cache-miss
65 http fetch GET 200 https://registry.npmjs.org/ajv 108ms (cache hit)
66 silly packumentCache full:https://registry.npmjs.org/ajv set size:1142658 disposed:false
67 silly fetch manifest undici@^6.19.0
68 silly packumentCache full:https://registry.npmjs.org/undici cache-miss
69 http fetch GET 200 https://registry.npmjs.org/zod 116ms (cache hit)
70 silly packumentCache full:https://registry.npmjs.org/zod set size:3552562 disposed:false
71 silly fetch manifest js-yaml@^4.2.0
72 silly packumentCache full:https://registry.npmjs.org/js-yaml cache-miss
73 http fetch GET 200 https://registry.npmjs.org/open 132ms (cache hit)
74 silly packumentCache full:https://registry.npmjs.org/open set size:136392 disposed:false
75 silly fetch manifest winston@^3.0.0
76 silly packumentCache full:https://registry.npmjs.org/winston cache-miss
77 http fetch GET 200 https://registry.npmjs.org/yaml 134ms (cache hit)
78 silly packumentCache full:https://registry.npmjs.org/yaml set size:385754 disposed:false
79 silly fetch manifest archiver@^7.0.0
80 silly packumentCache full:https://registry.npmjs.org/archiver cache-miss
81 http fetch GET 200 https://registry.npmjs.org/glob 136ms (cache hit)
82 silly packumentCache full:https://registry.npmjs.org/glob set size:469465 disposed:false
83 silly fetch manifest chokidar@^3.6.0
84 silly packumentCache full:https://registry.npmjs.org/chokidar cache-miss
85 http fetch GET 200 https://registry.npmjs.org/lsofi 51ms (cache hit)
86 silly packumentCache full:https://registry.npmjs.org/lsofi set size:5929 disposed:false
87 silly fetch manifest exegesis@^4.2.0
88 silly packumentCache full:https://registry.npmjs.org/exegesis cache-miss
89 http fetch GET 200 https://registry.npmjs.org/retry 49ms (cache hit)
90 silly packumentCache full:https://registry.npmjs.org/retry set size:31161 disposed:false
91 silly fetch manifest fs-extra@^10.1.0
92 silly packumentCache full:https://registry.npmjs.org/fs-extra cache-miss
93 http fetch GET 200 https://registry.npmjs.org/js-yaml 15ms (cache hit)
94 silly packumentCache full:https://registry.npmjs.org/js-yaml set size:184624 disposed:false
95 silly fetch manifest pglite-2@npm:@electric-sql/pglite@0.2.17
96 silly packumentCache full:https://registry.npmjs.org/@electric-sql%2fpglite cache-miss
97 http fetch GET 200 https://registry.npmjs.org/ignore 48ms (cache hit)
98 silly packumentCache full:https://registry.npmjs.org/ignore set size:240910 disposed:false
99 silly fetch manifest progress@^2.0.3
100 silly packumentCache full:https://registry.npmjs.org/progress cache-miss
101 http fetch GET 200 https://registry.npmjs.org/morgan 41ms (cache hit)
102 silly packumentCache full:https://registry.npmjs.org/morgan set size:78895 disposed:false
103 silly fetch manifest commander@^5.1.0
104 silly packumentCache full:https://registry.npmjs.org/commander cache-miss
105 http fetch GET 200 https://registry.npmjs.org/marked 44ms (cache hit)
106 silly packumentCache full:https://registry.npmjs.org/marked set size:766208 disposed:false
107 silly fetch manifest cross-env@^7.0.3
108 silly packumentCache full:https://registry.npmjs.org/cross-env cache-miss
109 http fetch GET 200 https://registry.npmjs.org/winston 20ms (cache hit)
110 silly packumentCache full:https://registry.npmjs.org/winston set size:276467 disposed:false
111 silly fetch manifest csv-parse@^5.0.4
112 silly packumentCache full:https://registry.npmjs.org/csv-parse cache-miss
113 http fetch GET 200 https://registry.npmjs.org/gaxios 62ms (cache hit)
114 silly packumentCache full:https://registry.npmjs.org/gaxios set size:359495 disposed:false
115 silly fetch manifest form-data@^4.0.1
116 silly packumentCache full:https://registry.npmjs.org/form-data cache-miss
117 http fetch GET 200 https://registry.npmjs.org/undici 47ms (cache hit)
118 silly packumentCache full:https://registry.npmjs.org/undici set size:1531430 disposed:false
119 silly fetch manifest async-lock@1.4.1
120 silly packumentCache full:https://registry.npmjs.org/async-lock cache-miss
121 http fetch GET 200 https://registry.npmjs.org/archiver 30ms (cache hit)
122 silly packumentCache full:https://registry.npmjs.org/archiver set size:169973 disposed:false
123 silly fetch manifest cli-table3@0.6.5
124 silly packumentCache full:https://registry.npmjs.org/cli-table3 cache-miss
125 http fetch GET 200 https://registry.npmjs.org/chokidar 31ms (cache hit)
126 silly packumentCache full:https://registry.npmjs.org/chokidar set size:255902 disposed:false
127 silly fetch manifest node-fetch@^2.6.7
128 silly packumentCache full:https://registry.npmjs.org/node-fetch cache-miss
129 http fetch GET 200 https://registry.npmjs.org/exegesis 35ms (cache hit)
130 silly packumentCache full:https://registry.npmjs.org/exegesis set size:289051 disposed:false
131 silly fetch manifest pg-gateway@^0.3.0-beta.4
132 silly packumentCache full:https://registry.npmjs.org/pg-gateway cache-miss
133 http fetch GET 200 https://registry.npmjs.org/fs-extra 37ms (cache hit)
134 silly packumentCache full:https://registry.npmjs.org/fs-extra set size:239581 disposed:false
135 silly fetch manifest portfinder@^1.0.32
136 silly packumentCache full:https://registry.npmjs.org/portfinder cache-miss
137 http fetch GET 200 https://registry.npmjs.org/progress 34ms (cache hit)
138 silly packumentCache full:https://registry.npmjs.org/progress set size:34179 disposed:false
139 silly fetch manifest ajv-formats@3.0.1
140 silly packumentCache full:https://registry.npmjs.org/ajv-formats cache-miss
141 http fetch GET 200 https://registry.npmjs.org/@electric-sql%2fpglite 40ms (cache hit)
142 silly packumentCache full:https://registry.npmjs.org/@electric-sql%2fpglite set size:344589 disposed:false
143 silly fetch manifest configstore@^5.0.1
144 silly packumentCache full:https://registry.npmjs.org/configstore cache-miss
145 http fetch GET 200 https://registry.npmjs.org/cross-env 37ms (cache hit)
146 silly packumentCache full:https://registry.npmjs.org/cross-env set size:151372 disposed:false
147 silly fetch manifest proxy-agent@^6.3.0
148 silly packumentCache full:https://registry.npmjs.org/proxy-agent cache-miss
149 http fetch GET 200 https://registry.npmjs.org/commander 42ms (cache hit)
150 silly packumentCache full:https://registry.npmjs.org/commander set size:353115 disposed:false
151 silly fetch manifest stream-json@^1.7.3
152 silly packumentCache full:https://registry.npmjs.org/stream-json cache-miss
153 http fetch GET 200 https://registry.npmjs.org/csv-parse 36ms (cache hit)
154 silly packumentCache full:https://registry.npmjs.org/csv-parse set size:598945 disposed:false
155 silly fetch manifest superstatic@^10.0.0
156 silly packumentCache full:https://registry.npmjs.org/superstatic cache-miss
157 http fetch GET 200 https://registry.npmjs.org/form-data 37ms (cache hit)
158 silly packumentCache full:https://registry.npmjs.org/form-data set size:153174 disposed:false
159 silly fetch manifest triple-beam@^1.3.0
160 silly packumentCache full:https://registry.npmjs.org/triple-beam cache-miss
161 http fetch GET 200 https://registry.npmjs.org/async-lock 32ms (cache hit)
162 silly packumentCache full:https://registry.npmjs.org/async-lock set size:98301 disposed:false
163 silly fetch manifest jsonwebtoken@^9.0.2
164 silly packumentCache full:https://registry.npmjs.org/jsonwebtoken cache-miss
165 http fetch GET 200 https://registry.npmjs.org/cli-table3 29ms (cache hit)
166 silly packumentCache full:https://registry.npmjs.org/cli-table3 set size:40139 disposed:false
167 silly fetch manifest stream-chain@^2.2.4
168 silly packumentCache full:https://registry.npmjs.org/stream-chain cache-miss
169 http fetch GET 200 https://registry.npmjs.org/node-fetch 28ms (cache hit)
170 silly packumentCache full:https://registry.npmjs.org/node-fetch set size:896010 disposed:false
171 silly fetch manifest sql-formatter@^15.3.0
172 silly packumentCache full:https://registry.npmjs.org/sql-formatter cache-miss
173 http fetch GET 200 https://registry.npmjs.org/ajv-formats 26ms (cache hit)
174 silly packumentCache full:https://registry.npmjs.org/ajv-formats set size:141264 disposed:false
175 silly fetch manifest tcp-port-used@^1.0.2
176 silly packumentCache full:https://registry.npmjs.org/tcp-port-used cache-miss
177 http fetch GET 200 https://registry.npmjs.org/portfinder 29ms (cache hit)
178 silly packumentCache full:https://registry.npmjs.org/portfinder set size:92930 disposed:false
179 silly fetch manifest marked-terminal@^7.0.0
180 silly packumentCache full:https://registry.npmjs.org/marked-terminal cache-miss
181 http fetch GET 200 https://registry.npmjs.org/configstore 23ms (cache hit)
182 silly packumentCache full:https://registry.npmjs.org/configstore set size:82080 disposed:false
183 silly fetch manifest abort-controller@^3.0.0
184 silly packumentCache full:https://registry.npmjs.org/abort-controller cache-miss
185 http fetch GET 200 https://registry.npmjs.org/proxy-agent 26ms (cache hit)
186 silly packumentCache full:https://registry.npmjs.org/proxy-agent set size:81277 disposed:false
187 silly fetch manifest exegesis-express@^4.0.0
188 silly packumentCache full:https://registry.npmjs.org/exegesis-express cache-miss
189 http fetch GET 200 https://registry.npmjs.org/stream-json 24ms (cache hit)
190 silly packumentCache full:https://registry.npmjs.org/stream-json set size:148044 disposed:false
191 silly fetch manifest @inquirer/prompts@^7.10.1
192 silly packumentCache full:https://registry.npmjs.org/@inquirer%2fprompts cache-miss
193 http fetch GET 200 https://registry.npmjs.org/pg-gateway 44ms (cache hit)
194 silly packumentCache full:https://registry.npmjs.org/pg-gateway set size:35105 disposed:false
195 silly fetch manifest winston-transport@^4.4.0
196 silly packumentCache full:https://registry.npmjs.org/winston-transport cache-miss
197 http fetch GET 200 https://registry.npmjs.org/superstatic 28ms (cache hit)
198 silly packumentCache full:https://registry.npmjs.org/superstatic set size:570455 disposed:false
199 silly fetch manifest @apphosting/common@^0.0.8
200 silly packumentCache full:https://registry.npmjs.org/@apphosting%2fcommon cache-miss
201 http fetch GET 200 https://registry.npmjs.org/triple-beam 30ms (cache hit)
202 silly packumentCache full:https://registry.npmjs.org/triple-beam set size:15133 disposed:false
203 silly fetch manifest libsodium-wrappers@^0.7.10
204 silly packumentCache full:https://registry.npmjs.org/libsodium-wrappers cache-miss
205 http fetch GET 200 https://registry.npmjs.org/jsonwebtoken 30ms (cache hit)
206 silly packumentCache full:https://registry.npmjs.org/jsonwebtoken set size:183413 disposed:false
207 silly fetch manifest google-auth-library@^9.11.0
208 silly packumentCache full:https://registry.npmjs.org/google-auth-library cache-miss
209 http fetch GET 200 https://registry.npmjs.org/sql-formatter 27ms (cache hit)
210 silly packumentCache full:https://registry.npmjs.org/sql-formatter set size:1132835 disposed:false
211 silly fetch manifest universal-analytics@^0.5.3
212 silly packumentCache full:https://registry.npmjs.org/universal-analytics cache-miss
213 http fetch GET 200 https://registry.npmjs.org/stream-chain 38ms (cache hit)
214 silly packumentCache full:https://registry.npmjs.org/stream-chain set size:109985 disposed:false
215 silly fetch manifest update-notifier-cjs@^5.1.6
216 silly packumentCache full:https://registry.npmjs.org/update-notifier-cjs cache-miss
217 http fetch GET 200 https://registry.npmjs.org/tcp-port-used 35ms (cache hit)
218 silly packumentCache full:https://registry.npmjs.org/tcp-port-used set size:29388 disposed:false
219 silly fetch manifest @electric-sql/pglite@^0.3.3
220 silly packumentCache full:https://registry.npmjs.org/@electric-sql%2fpglite cache-hit
221 silly fetch manifest @google-cloud/pubsub@^5.2.0
222 silly packumentCache full:https://registry.npmjs.org/@google-cloud%2fpubsub cache-miss
223 http fetch GET 200 https://registry.npmjs.org/marked-terminal 36ms (cache hit)
224 silly packumentCache full:https://registry.npmjs.org/marked-terminal set size:81779 disposed:false
225 silly fetch manifest @modelcontextprotocol/sdk@^1.24.0
226 silly packumentCache full:https://registry.npmjs.org/@modelcontextprotocol%2fsdk cache-miss
227 http fetch GET 200 https://registry.npmjs.org/exegesis-express 30ms (cache hit)
228 silly packumentCache full:https://registry.npmjs.org/exegesis-express set size:61313 disposed:false
229 silly fetch manifest @electric-sql/pglite-tools@^0.2.8
230 silly packumentCache full:https://registry.npmjs.org/@electric-sql%2fpglite-tools cache-miss
231 http fetch GET 200 https://registry.npmjs.org/@inquirer%2fprompts 25ms (cache hit)
232 silly packumentCache full:https://registry.npmjs.org/@inquirer%2fprompts set size:331361 disposed:false
233 silly fetch manifest @google-cloud/cloud-sql-connector@^1.3.3
234 silly packumentCache full:https://registry.npmjs.org/@google-cloud%2fcloud-sql-connector cache-miss
235 http fetch GET 200 https://registry.npmjs.org/abort-controller 39ms (cache hit)
236 silly packumentCache full:https://registry.npmjs.org/abort-controller set size:47272 disposed:false
237 http fetch GET 200 https://registry.npmjs.org/@apphosting%2fcommon 23ms (cache hit)
238 silly packumentCache full:https://registry.npmjs.org/@apphosting%2fcommon set size:66674 disposed:false
239 http fetch GET 200 https://registry.npmjs.org/winston-transport 28ms (cache hit)
240 silly packumentCache full:https://registry.npmjs.org/winston-transport set size:60135 disposed:false
241 http fetch GET 200 https://registry.npmjs.org/libsodium-wrappers 23ms (cache hit)
242 silly packumentCache full:https://registry.npmjs.org/libsodium-wrappers set size:96083 disposed:false
243 http fetch GET 200 https://registry.npmjs.org/update-notifier-cjs 17ms (cache hit)
244 silly packumentCache full:https://registry.npmjs.org/update-notifier-cjs set size:28206 disposed:false
245 http fetch GET 200 https://registry.npmjs.org/universal-analytics 19ms (cache hit)
246 silly packumentCache full:https://registry.npmjs.org/universal-analytics set size:104106 disposed:false
247 http fetch GET 200 https://registry.npmjs.org/google-auth-library 28ms (cache hit)
248 silly packumentCache full:https://registry.npmjs.org/google-auth-library set size:737867 disposed:false
249 http fetch GET 200 https://registry.npmjs.org/@electric-sql%2fpglite-tools 17ms (cache hit)
250 silly packumentCache full:https://registry.npmjs.org/@electric-sql%2fpglite-tools set size:94133 disposed:false
251 http fetch GET 200 https://registry.npmjs.org/@google-cloud%2fcloud-sql-connector 15ms (cache hit)
252 silly packumentCache full:https://registry.npmjs.org/@google-cloud%2fcloud-sql-connector set size:159814 disposed:false
253 http fetch GET 200 https://registry.npmjs.org/@modelcontextprotocol%2fsdk 20ms (cache hit)
254 silly packumentCache full:https://registry.npmjs.org/@modelcontextprotocol%2fsdk set size:302290 disposed:false
255 http fetch GET 200 https://registry.npmjs.org/@google-cloud%2fpubsub 24ms (cache hit)
256 silly packumentCache full:https://registry.npmjs.org/@google-cloud%2fpubsub set size:744990 disposed:false
257 silly placeDep ROOT @apphosting/common@0.0.8 OK for: firebase-tools@15.26.0 want: ^0.0.8
258 silly placeDep ROOT @electric-sql/pglite@0.3.16 OK for: firebase-tools@15.26.0 want: ^0.3.3
259 silly placeDep ROOT @electric-sql/pglite-tools@0.2.21 OK for: firebase-tools@15.26.0 want: ^0.2.8
260 silly placeDep ROOT @google-cloud/cloud-sql-connector@1.10.0 OK for: firebase-tools@15.26.0 want: ^1.3.3
261 silly placeDep ROOT @google-cloud/pubsub@5.3.1 OK for: firebase-tools@15.26.0 want: ^5.2.0
262 silly placeDep ROOT @inquirer/prompts@7.10.1 OK for: firebase-tools@15.26.0 want: ^7.10.1
263 silly placeDep ROOT @modelcontextprotocol/sdk@1.30.0 OK for: firebase-tools@15.26.0 want: ^1.24.0
264 silly placeDep ROOT abort-controller@3.0.0 OK for: firebase-tools@15.26.0 want: ^3.0.0
265 silly placeDep node_modules/firebase-tools ajv@8.20.0 OK for: firebase-tools@15.26.0 want: ^8.17.1
266 silly placeDep node_modules/firebase-tools ajv-formats@3.0.1 OK for: firebase-tools@15.26.0 want: 3.0.1
267 silly placeDep ROOT archiver@7.0.1 OK for: firebase-tools@15.26.0 want: ^7.0.0
268 silly placeDep ROOT async-lock@1.4.1 OK for: firebase-tools@15.26.0 want: 1.4.1
269 silly placeDep node_modules/firebase-tools chokidar@3.6.0 OK for: firebase-tools@15.26.0 want: ^3.6.0
270 silly placeDep ROOT cjson@0.3.3 OK for: firebase-tools@15.26.0 want: ^0.3.1
271 silly placeDep ROOT cli-table3@0.6.5 OK for: firebase-tools@15.26.0 want: 0.6.5
272 silly placeDep node_modules/firebase-tools commander@5.1.0 OK for: firebase-tools@15.26.0 want: ^5.1.0
273 silly placeDep ROOT configstore@5.0.1 OK for: firebase-tools@15.26.0 want: ^5.0.1
274 silly placeDep ROOT cross-env@7.0.3 OK for: firebase-tools@15.26.0 want: ^7.0.3
275 silly placeDep ROOT csv-parse@5.6.0 OK for: firebase-tools@15.26.0 want: ^5.0.4
276 silly placeDep ROOT exegesis@4.3.0 OK for: firebase-tools@15.26.0 want: ^4.2.0
277 silly placeDep ROOT exegesis-express@4.0.0 OK for: firebase-tools@15.26.0 want: ^4.0.0
278 silly placeDep node_modules/firebase-tools form-data@4.0.6 OK for: firebase-tools@15.26.0 want: ^4.0.1
279 silly placeDep node_modules/firebase-tools fs-extra@10.1.0 OK for: firebase-tools@15.26.0 want: ^10.1.0
280 silly placeDep ROOT fuzzy@0.1.3 OK for: firebase-tools@15.26.0 want: ^0.1.3
281 silly placeDep ROOT gaxios@6.7.1 OK for: firebase-tools@15.26.0 want: ^6.7.0
282 silly placeDep node_modules/firebase-tools glob@10.5.0 OK for: firebase-tools@15.26.0 want: ^10.5.0
283 silly placeDep ROOT google-auth-library@9.15.1 OK for: firebase-tools@15.26.0 want: ^9.11.0
284 silly placeDep node_modules/firebase-tools ignore@7.0.6 OK for: firebase-tools@15.26.0 want: ^7.0.4
285 silly placeDep node_modules/firebase-tools js-yaml@4.3.1 OK for: firebase-tools@15.26.0 want: ^4.2.0
286 silly placeDep ROOT jsonwebtoken@9.0.3 OK for: firebase-tools@15.26.0 want: ^9.0.2
287 silly placeDep ROOT libsodium-wrappers@0.7.16 OK for: firebase-tools@15.26.0 want: ^0.7.10
288 silly placeDep ROOT lsofi@2.0.0 OK for: firebase-tools@15.26.0 want: ^2.0.0
289 silly placeDep ROOT marked@13.0.3 OK for: firebase-tools@15.26.0 want: ^13.0.2
290 silly placeDep ROOT marked-terminal@7.3.0 OK for: firebase-tools@15.26.0 want: ^7.0.0
291 silly placeDep ROOT morgan@1.11.0 OK for: firebase-tools@15.26.0 want: ^1.10.0
292 silly placeDep ROOT node-fetch@2.7.0 OK for: firebase-tools@15.26.0 want: ^2.6.7
293 silly placeDep node_modules/firebase-tools open@6.4.0 OK for: firebase-tools@15.26.0 want: ^6.3.0
294 silly placeDep ROOT pg@8.22.0 OK for: firebase-tools@15.26.0 want: ^8.11.3
295 silly placeDep ROOT pg-gateway@0.3.0-beta.4 OK for: firebase-tools@15.26.0 want: ^0.3.0-beta.4
296 silly placeDep ROOT pglite-2@0.2.17 OK for: firebase-tools@15.26.0 want: npm:@electric-sql/pglite@0.2.17
297 silly placeDep ROOT portfinder@1.0.38 OK for: firebase-tools@15.26.0 want: ^1.0.32
298 silly placeDep ROOT progress@2.0.3 OK for: firebase-tools@15.26.0 want: ^2.0.3
299 silly placeDep ROOT proxy-agent@6.5.0 OK for: firebase-tools@15.26.0 want: ^6.3.0
300 silly placeDep node_modules/firebase-tools retry@0.13.1 OK for: firebase-tools@15.26.0 want: ^0.13.1
301 silly placeDep ROOT sql-formatter@15.8.2 OK for: firebase-tools@15.26.0 want: ^15.3.0
302 silly placeDep ROOT stream-chain@2.2.5 OK for: firebase-tools@15.26.0 want: ^2.2.4
303 silly placeDep ROOT stream-json@1.9.1 OK for: firebase-tools@15.26.0 want: ^1.7.3
304 silly placeDep ROOT superstatic@10.0.0 OK for: firebase-tools@15.26.0 want: ^10.0.0
305 silly placeDep node_modules/firebase-tools tar@7.5.22 OK for: firebase-tools@15.26.0 want: ^7.5.11
306 silly placeDep ROOT tcp-port-used@1.0.3 OK for: firebase-tools@15.26.0 want: ^1.0.2
307 silly placeDep node_modules/firebase-tools tmp@0.2.7 OK for: firebase-tools@15.26.0 want: ^0.2.3
308 silly placeDep ROOT triple-beam@1.4.1 OK for: firebase-tools@15.26.0 want: ^1.3.0
309 silly placeDep ROOT undici@6.28.0 OK for: firebase-tools@15.26.0 want: ^6.19.0
310 silly placeDep ROOT universal-analytics@0.5.3 OK for: firebase-tools@15.26.0 want: ^0.5.3
311 silly placeDep ROOT update-notifier-cjs@5.1.7 OK for: firebase-tools@15.26.0 want: ^5.1.6
312 silly placeDep ROOT winston@3.19.0 OK for: firebase-tools@15.26.0 want: ^3.0.0
313 silly placeDep ROOT winston-transport@4.9.0 OK for: firebase-tools@15.26.0 want: ^4.4.0
314 silly placeDep node_modules/firebase-tools ws@8.21.3 OK for: firebase-tools@15.26.0 want: ^8.21.1
315 silly placeDep ROOT yaml@2.9.0 OK for: firebase-tools@15.26.0 want: ^2.8.3
316 silly placeDep ROOT zod@4.4.3 OK for: firebase-tools@15.26.0 want: ^4.0.0
317 silly fetch manifest gaxios@^7.1.4
318 silly packumentCache full:https://registry.npmjs.org/gaxios cache-hit
319 silly fetch manifest p-throttle@^7.0.0
320 silly packumentCache full:https://registry.npmjs.org/p-throttle cache-miss
321 silly fetch manifest google-auth-library@^10.6.2
322 silly packumentCache full:https://registry.npmjs.org/google-auth-library cache-hit
323 silly fetch manifest @googleapis/sqladmin@^35.2.0
324 silly packumentCache full:https://registry.npmjs.org/@googleapis%2fsqladmin cache-miss
325 silly fetch manifest arrify@^2.0.0
326 silly packumentCache full:https://registry.npmjs.org/arrify cache-miss
327 silly fetch manifest heap-js@^2.6.0
328 silly packumentCache full:https://registry.npmjs.org/heap-js cache-miss
329 silly fetch manifest p-defer@^3.0.0
330 silly packumentCache full:https://registry.npmjs.org/p-defer cache-miss
331 silly fetch manifest google-gax@^5.0.5
332 silly packumentCache full:https://registry.npmjs.org/google-gax cache-miss
333 silly fetch manifest is-stream-ended@^0.1.4
334 silly packumentCache full:https://registry.npmjs.org/is-stream-ended cache-miss
335 silly fetch manifest lodash.snakecase@^4.1.1
336 silly packumentCache full:https://registry.npmjs.org/lodash.snakecase cache-miss
337 silly fetch manifest @opentelemetry/api@~1.9.0
338 silly packumentCache full:https://registry.npmjs.org/@opentelemetry%2fapi cache-miss
339 silly fetch manifest @opentelemetry/core@^1.30.1
340 silly packumentCache full:https://registry.npmjs.org/@opentelemetry%2fcore cache-miss
341 silly fetch manifest google-auth-library@^10.5.0
342 silly packumentCache full:https://registry.npmjs.org/google-auth-library cache-hit
343 silly fetch manifest google-logging-utils@^1.1.3
344 silly packumentCache full:https://registry.npmjs.org/google-logging-utils cache-miss
345 http fetch GET 200 https://registry.npmjs.org/@googleapis%2fsqladmin 10ms (cache hit)
346 silly packumentCache full:https://registry.npmjs.org/@googleapis%2fsqladmin set size:135961 disposed:false
347 silly fetch manifest @google-cloud/paginator@^6.0.0
348 silly packumentCache full:https://registry.npmjs.org/@google-cloud%2fpaginator cache-miss
349 http fetch GET 200 https://registry.npmjs.org/lodash.snakecase 9ms (cache hit)
350 silly packumentCache full:https://registry.npmjs.org/lodash.snakecase set size:16878 disposed:false
351 silly fetch manifest @google-cloud/promisify@^5.0.0
352 silly packumentCache full:https://registry.npmjs.org/@google-cloud%2fpromisify cache-miss
353 http fetch GET 200 https://registry.npmjs.org/p-throttle 13ms (cache hit)
354 silly packumentCache full:https://registry.npmjs.org/p-throttle set size:47894 disposed:false
355 silly fetch manifest @google-cloud/projectify@^5.0.0
356 silly packumentCache full:https://registry.npmjs.org/@google-cloud%2fprojectify cache-miss
357 http fetch GET 200 https://registry.npmjs.org/arrify 13ms (cache hit)
358 silly packumentCache full:https://registry.npmjs.org/arrify set size:11862 disposed:false
359 silly fetch manifest @google-cloud/precise-date@^5.0.0
360 silly packumentCache full:https://registry.npmjs.org/@google-cloud%2fprecise-date cache-miss
361 http fetch GET 200 https://registry.npmjs.org/is-stream-ended 13ms (cache hit)
362 silly packumentCache full:https://registry.npmjs.org/is-stream-ended set size:8902 disposed:false
363 silly fetch manifest @opentelemetry/semantic-conventions@~1.39.0
364 silly packumentCache full:https://registry.npmjs.org/@opentelemetry%2fsemantic-conventions cache-miss
365 http fetch GET 200 https://registry.npmjs.org/google-gax 14ms (cache hit)
366 silly packumentCache full:https://registry.npmjs.org/google-gax set size:2073092 disposed:false
367 silly fetch manifest @inquirer/input@^4.3.1
368 silly packumentCache full:https://registry.npmjs.org/@inquirer%2finput cache-miss
369 http fetch GET 200 https://registry.npmjs.org/@opentelemetry%2fapi 22ms (cache hit)
370 silly packumentCache full:https://registry.npmjs.org/@opentelemetry%2fapi set size:272967 disposed:false
371 silly fetch manifest @inquirer/editor@^4.2.23
372 silly packumentCache full:https://registry.npmjs.org/@inquirer%2feditor cache-miss
373 http fetch GET 200 https://registry.npmjs.org/heap-js 26ms (cache hit)
374 silly packumentCache full:https://registry.npmjs.org/heap-js set size:106897 disposed:false
375 silly fetch manifest @inquirer/expand@^4.0.23
376 silly packumentCache full:https://registry.npmjs.org/@inquirer%2fexpand cache-miss
377 http fetch GET 200 https://registry.npmjs.org/google-logging-utils 23ms (cache hit)
378 silly packumentCache full:https://registry.npmjs.org/google-logging-utils set size:28645 disposed:false
379 silly fetch manifest @inquirer/number@^3.0.23
380 silly packumentCache full:https://registry.npmjs.org/@inquirer%2fnumber cache-miss
381 http fetch GET 200 https://registry.npmjs.org/p-defer 28ms (cache hit)
382 silly packumentCache full:https://registry.npmjs.org/p-defer set size:17545 disposed:false
383 silly fetch manifest @inquirer/search@^3.2.2
384 silly packumentCache full:https://registry.npmjs.org/@inquirer%2fsearch cache-miss
385 http fetch GET 200 https://registry.npmjs.org/@opentelemetry%2fcore 26ms (cache hit)
386 silly packumentCache full:https://registry.npmjs.org/@opentelemetry%2fcore set size:832723 disposed:false
387 silly fetch manifest @inquirer/select@^4.4.2
388 silly packumentCache full:https://registry.npmjs.org/@inquirer%2fselect cache-miss
389 http fetch GET 200 https://registry.npmjs.org/@google-cloud%2fprojectify 23ms (cache hit)
390 silly packumentCache full:https://registry.npmjs.org/@google-cloud%2fprojectify set size:71811 disposed:false
391 silly fetch manifest @inquirer/confirm@^5.1.21
392 silly packumentCache full:https://registry.npmjs.org/@inquirer%2fconfirm cache-miss
393 http fetch GET 200 https://registry.npmjs.org/@google-cloud%2fprecise-date 24ms (cache hit)
394 silly packumentCache full:https://registry.npmjs.org/@google-cloud%2fprecise-date set size:58219 disposed:false
395 silly fetch manifest @inquirer/rawlist@^4.1.11
396 silly packumentCache full:https://registry.npmjs.org/@inquirer%2frawlist cache-miss
397 http fetch GET 200 https://registry.npmjs.org/@google-cloud%2fpaginator 28ms (cache hit)
398 silly packumentCache full:https://registry.npmjs.org/@google-cloud%2fpaginator set size:97180 disposed:false
399 silly fetch manifest @inquirer/checkbox@^4.3.2
400 silly packumentCache full:https://registry.npmjs.org/@inquirer%2fcheckbox cache-miss
401 http fetch GET 200 https://registry.npmjs.org/@google-cloud%2fpromisify 29ms (cache hit)
402 silly packumentCache full:https://registry.npmjs.org/@google-cloud%2fpromisify set size:75979 disposed:false
403 silly fetch manifest @inquirer/password@^4.0.23
404 silly packumentCache full:https://registry.npmjs.org/@inquirer%2fpassword cache-miss
405 http fetch GET 200 https://registry.npmjs.org/@inquirer%2feditor 15ms (cache hit)
406 silly packumentCache full:https://registry.npmjs.org/@inquirer%2feditor set size:322894 disposed:false
407 silly fetch manifest zod@^3.25 || ^4.0
408 silly packumentCache full:https://registry.npmjs.org/zod cache-miss
409 http fetch GET 200 https://registry.npmjs.org/@inquirer%2fselect 12ms (cache hit)
410 silly packumentCache full:https://registry.npmjs.org/@inquirer%2fselect set size:335462 disposed:false
411 silly fetch manifest hono@^4.11.4
412 silly packumentCache full:https://registry.npmjs.org/hono cache-miss
413 http fetch GET 200 https://registry.npmjs.org/@inquirer%2fsearch 17ms (cache hit)
414 silly packumentCache full:https://registry.npmjs.org/@inquirer%2fsearch set size:142958 disposed:false
415 silly fetch manifest jose@^6.1.3
416 silly packumentCache full:https://registry.npmjs.org/jose cache-miss
417 http fetch GET 200 https://registry.npmjs.org/@inquirer%2finput 24ms (cache hit)
418 silly packumentCache full:https://registry.npmjs.org/@inquirer%2finput set size:319406 disposed:false
419 silly fetch manifest express@^5.2.1
420 silly packumentCache full:https://registry.npmjs.org/express cache-miss
421 http fetch GET 200 https://registry.npmjs.org/@inquirer%2fnumber 21ms (cache hit)
422 silly packumentCache full:https://registry.npmjs.org/@inquirer%2fnumber set size:142567 disposed:false
423 silly fetch manifest raw-body@^3.0.0
424 silly packumentCache full:https://registry.npmjs.org/raw-body cache-miss
425 http fetch GET 200 https://registry.npmjs.org/@inquirer%2fexpand 23ms (cache hit)
426 silly packumentCache full:https://registry.npmjs.org/@inquirer%2fexpand set size:322112 disposed:false
427 silly fetch manifest ajv-formats@^3.0.1
428 silly packumentCache full:https://registry.npmjs.org/ajv-formats cache-hit
429 silly fetch manifest eventsource@^3.0.2
430 silly packumentCache full:https://registry.npmjs.org/eventsource cache-miss
431 http fetch GET 200 https://registry.npmjs.org/@opentelemetry%2fsemantic-conventions 39ms (cache hit)
432 silly packumentCache full:https://registry.npmjs.org/@opentelemetry%2fsemantic-conventions set size:428824 disposed:false
433 silly fetch manifest pkce-challenge@^5.0.0
434 silly packumentCache full:https://registry.npmjs.org/pkce-challenge cache-miss
435 http fetch GET 200 https://registry.npmjs.org/@inquirer%2fconfirm 22ms (cache hit)
436 silly packumentCache full:https://registry.npmjs.org/@inquirer%2fconfirm set size:320882 disposed:false
437 silly fetch manifest @hono/node-server@^1.19.9 || ^2.0.5
438 silly packumentCache full:https://registry.npmjs.org/@hono%2fnode-server cache-miss
439 http fetch GET 200 https://registry.npmjs.org/@inquirer%2frawlist 25ms (cache hit)
440 silly packumentCache full:https://registry.npmjs.org/@inquirer%2frawlist set size:288948 disposed:false
441 silly fetch manifest json-schema-typed@^8.0.2
442 silly packumentCache full:https://registry.npmjs.org/json-schema-typed cache-miss
443 http fetch GET 200 https://registry.npmjs.org/@inquirer%2fpassword 23ms (cache hit)
444 silly packumentCache full:https://registry.npmjs.org/@inquirer%2fpassword set size:318894 disposed:false
445 silly fetch manifest eventsource-parser@^3.0.0
446 silly packumentCache full:https://registry.npmjs.org/eventsource-parser cache-miss
447 http fetch GET 200 https://registry.npmjs.org/jose 20ms (cache hit)
448 silly packumentCache full:https://registry.npmjs.org/jose set size:1440823 disposed:false
449 silly fetch manifest express-rate-limit@^8.2.1
450 silly packumentCache full:https://registry.npmjs.org/express-rate-limit cache-miss
451 http fetch GET 200 https://registry.npmjs.org/@inquirer%2fcheckbox 34ms (cache hit)
452 silly packumentCache full:https://registry.npmjs.org/@inquirer%2fcheckbox set size:346573 disposed:false
453 silly fetch manifest zod-to-json-schema@^3.25.1
454 silly packumentCache full:https://registry.npmjs.org/zod-to-json-schema cache-miss
455 http fetch GET 200 https://registry.npmjs.org/express 29ms (cache hit)
456 silly packumentCache full:https://registry.npmjs.org/express set size:804956 disposed:false
457 silly fetch manifest event-target-shim@^5.0.0
458 silly packumentCache full:https://registry.npmjs.org/event-target-shim cache-miss
459 http fetch GET 200 https://registry.npmjs.org/zod 41ms (cache hit)
460 silly packumentCache full:https://registry.npmjs.org/zod set size:3552562 disposed:false
461 silly fetch manifest fast-uri@^3.0.1
462 silly packumentCache full:https://registry.npmjs.org/fast-uri cache-miss
463 http fetch GET 200 https://registry.npmjs.org/hono 53ms (cache hit)
464 silly packumentCache full:https://registry.npmjs.org/hono set size:6050187 disposed:false
465 silly fetch manifest async@^3.2.4
466 silly packumentCache full:https://registry.npmjs.org/async cache-miss
467 http fetch GET 200 https://registry.npmjs.org/eventsource 75ms (cache hit)
468 silly packumentCache full:https://registry.npmjs.org/eventsource set size:132713 disposed:false
469 silly fetch manifest tar-stream@^3.0.0
470 silly packumentCache full:https://registry.npmjs.org/tar-stream cache-miss
471 http fetch GET 200 https://registry.npmjs.org/raw-body 81ms (cache hit)
472 silly packumentCache full:https://registry.npmjs.org/raw-body set size:120042 disposed:false
473 silly fetch manifest zip-stream@^6.0.1
474 silly packumentCache full:https://registry.npmjs.org/zip-stream cache-miss
475 http fetch GET 200 https://registry.npmjs.org/pkce-challenge 79ms (cache hit)
476 silly packumentCache full:https://registry.npmjs.org/pkce-challenge set size:37734 disposed:false
477 silly fetch manifest buffer-crc32@^1.0.0
478 silly packumentCache full:https://registry.npmjs.org/buffer-crc32 cache-miss
479 http fetch GET 200 https://registry.npmjs.org/@hono%2fnode-server 81ms (cache hit)
480 silly packumentCache full:https://registry.npmjs.org/@hono%2fnode-server set size:281455 disposed:false
481 silly fetch manifest readdir-glob@^1.1.2
482 silly packumentCache full:https://registry.npmjs.org/readdir-glob cache-miss
483 http fetch GET 200 https://registry.npmjs.org/json-schema-typed 80ms (cache hit)
484 silly packumentCache full:https://registry.npmjs.org/json-schema-typed set size:26165 disposed:false
485 silly fetch manifest archiver-utils@^5.0.2
486 silly packumentCache full:https://registry.npmjs.org/archiver-utils cache-miss
487 http fetch GET 200 https://registry.npmjs.org/eventsource-parser 79ms (cache hit)
488 silly packumentCache full:https://registry.npmjs.org/eventsource-parser set size:78018 disposed:false
489 silly fetch manifest readable-stream@^4.0.0
490 silly packumentCache full:https://registry.npmjs.org/readable-stream cache-miss
491 http fetch GET 200 https://registry.npmjs.org/express-rate-limit 74ms (cache hit)
492 silly packumentCache full:https://registry.npmjs.org/express-rate-limit set size:456657 disposed:false
493 silly fetch manifest json-parse-helpfulerror@^1.0.3
494 silly packumentCache full:https://registry.npmjs.org/json-parse-helpfulerror cache-miss
495 http fetch GET 200 https://registry.npmjs.org/zod-to-json-schema 72ms (cache hit)
496 silly packumentCache full:https://registry.npmjs.org/zod-to-json-schema set size:309584 disposed:false
497 silly fetch manifest dot-prop@^5.2.0
498 silly packumentCache full:https://registry.npmjs.org/dot-prop cache-miss
499 http fetch GET 200 https://registry.npmjs.org/event-target-shim 69ms (cache hit)
500 silly packumentCache full:https://registry.npmjs.org/event-target-shim set size:103601 disposed:false
501 silly fetch manifest make-dir@^3.0.0
502 silly packumentCache full:https://registry.npmjs.org/make-dir cache-miss
503 http fetch GET 200 https://registry.npmjs.org/fast-uri 58ms (cache hit)
504 silly packumentCache full:https://registry.npmjs.org/fast-uri set size:91614 disposed:false
505 silly fetch manifest xdg-basedir@^4.0.0
506 silly packumentCache full:https://registry.npmjs.org/xdg-basedir cache-miss
507 http fetch GET 200 https://registry.npmjs.org/tar-stream 22ms (cache hit)
508 silly packumentCache full:https://registry.npmjs.org/tar-stream set size:137875 disposed:false
509 silly fetch manifest unique-string@^2.0.0
510 silly packumentCache full:https://registry.npmjs.org/unique-string cache-miss
511 http fetch GET 200 https://registry.npmjs.org/async 28ms (cache hit)
512 silly packumentCache full:https://registry.npmjs.org/async set size:230482 disposed:false
513 silly fetch manifest write-file-atomic@^3.0.0
514 silly packumentCache full:https://registry.npmjs.org/write-file-atomic cache-miss
515 http fetch GET 200 https://registry.npmjs.org/buffer-crc32 21ms (cache hit)
516 silly packumentCache full:https://registry.npmjs.org/buffer-crc32 set size:58100 disposed:false
517 silly fetch manifest @apidevtools/json-schema-ref-parser@^9.0.3
518 silly packumentCache full:https://registry.npmjs.org/@apidevtools%2fjson-schema-ref-parser cache-miss
519 http fetch GET 200 https://registry.npmjs.org/zip-stream 24ms (cache hit)
520 silly packumentCache full:https://registry.npmjs.org/zip-stream set size:109574 disposed:false
521 silly fetch manifest deep-freeze@0.0.1
522 silly packumentCache full:https://registry.npmjs.org/deep-freeze cache-miss
523 http fetch GET 200 https://registry.npmjs.org/readdir-glob 18ms (cache hit)
524 silly packumentCache full:https://registry.npmjs.org/readdir-glob set size:30196 disposed:false
525 silly fetch manifest events-listener@^1.1.0
526 silly packumentCache full:https://registry.npmjs.org/events-listener cache-miss
527 http fetch GET 200 https://registry.npmjs.org/archiver-utils 18ms (cache hit)
528 silly packumentCache full:https://registry.npmjs.org/archiver-utils set size:31398 disposed:false
529 silly fetch manifest glob@^10.3.10
530 silly packumentCache full:https://registry.npmjs.org/glob cache-hit
531 silly fetch manifest json-ptr@^3.0.1
532 silly packumentCache full:https://registry.npmjs.org/json-ptr cache-miss
533 http fetch GET 200 https://registry.npmjs.org/readable-stream 19ms (cache hit)
534 silly packumentCache full:https://registry.npmjs.org/readable-stream set size:261096 disposed:false
535 silly fetch manifest openapi3-ts@^3.1.1
536 silly packumentCache full:https://registry.npmjs.org/openapi3-ts cache-miss
537 http fetch GET 200 https://registry.npmjs.org/make-dir 15ms (cache hit)
538 silly packumentCache full:https://registry.npmjs.org/make-dir set size:34889 disposed:false
539 silly fetch manifest promise-breaker@^6.0.0
540 silly packumentCache full:https://registry.npmjs.org/promise-breaker cache-miss
541 http fetch GET 200 https://registry.npmjs.org/dot-prop 17ms (cache hit)
542 silly packumentCache full:https://registry.npmjs.org/dot-prop set size:77505 disposed:false
543 silly fetch manifest jsonfile@^6.0.1
544 silly packumentCache full:https://registry.npmjs.org/jsonfile cache-miss
545 http fetch GET 200 https://registry.npmjs.org/json-parse-helpfulerror 20ms (cache hit)
546 silly packumentCache full:https://registry.npmjs.org/json-parse-helpfulerror set size:6012 disposed:false
547 silly fetch manifest universalify@^2.0.0
548 silly packumentCache full:https://registry.npmjs.org/universalify cache-miss
549 http fetch GET 200 https://registry.npmjs.org/xdg-basedir 17ms (cache hit)
550 silly packumentCache full:https://registry.npmjs.org/xdg-basedir set size:19771 disposed:false
551 silly fetch manifest uuid@^9.0.1
552 silly packumentCache full:https://registry.npmjs.org/uuid cache-miss
553 http fetch GET 200 https://registry.npmjs.org/write-file-atomic 14ms (cache hit)
554 silly packumentCache full:https://registry.npmjs.org/write-file-atomic set size:82722 disposed:false
555 silly fetch manifest node-fetch@^2.6.9
556 silly packumentCache full:https://registry.npmjs.org/node-fetch cache-hit
557 silly fetch manifest https-proxy-agent@^7.0.1
558 silly packumentCache full:https://registry.npmjs.org/https-proxy-agent cache-miss
559 http fetch GET 200 https://registry.npmjs.org/unique-string 17ms (cache hit)
560 silly packumentCache full:https://registry.npmjs.org/unique-string set size:8164 disposed:false
561 silly fetch manifest minipass@^7.1.2
562 silly packumentCache full:https://registry.npmjs.org/minipass cache-miss
563 http fetch GET 200 https://registry.npmjs.org/@apidevtools%2fjson-schema-ref-parser 15ms (cache hit)
564 silly packumentCache full:https://registry.npmjs.org/@apidevtools%2fjson-schema-ref-parser set size:311724 disposed:false
565 silly fetch manifest minimatch@^9.0.4
566 silly packumentCache full:https://registry.npmjs.org/minimatch cache-miss
567 http fetch GET 200 https://registry.npmjs.org/deep-freeze 16ms (cache hit)
568 silly packumentCache full:https://registry.npmjs.org/deep-freeze set size:3226 disposed:false
569 silly fetch manifest jws@^4.0.0
570 silly packumentCache full:https://registry.npmjs.org/jws cache-miss
571 http fetch GET 200 https://registry.npmjs.org/events-listener 16ms (cache hit)
572 silly packumentCache full:https://registry.npmjs.org/events-listener set size:11001 disposed:false
573 silly fetch manifest gtoken@^7.0.0
574 silly packumentCache full:https://registry.npmjs.org/gtoken cache-miss
575 http fetch GET 200 https://registry.npmjs.org/jsonfile 10ms (cache hit)
576 silly packumentCache full:https://registry.npmjs.org/jsonfile set size:53210 disposed:false
577 silly fetch manifest gcp-metadata@^6.1.0
578 silly packumentCache full:https://registry.npmjs.org/gcp-metadata cache-miss
579 http fetch GET 200 https://registry.npmjs.org/promise-breaker 12ms (cache hit)
580 silly packumentCache full:https://registry.npmjs.org/promise-breaker set size:71308 disposed:false
581 silly fetch manifest ecdsa-sig-formatter@^1.0.11
582 silly packumentCache full:https://registry.npmjs.org/ecdsa-sig-formatter cache-miss
583 http fetch GET 200 https://registry.npmjs.org/json-ptr 17ms (cache hit)
584 silly packumentCache full:https://registry.npmjs.org/json-ptr set size:1448490 disposed:false
585 silly fetch manifest argparse@^2.0.1
586 silly packumentCache full:https://registry.npmjs.org/argparse cache-miss
587 http fetch GET 200 https://registry.npmjs.org/universalify 16ms (cache hit)
588 silly packumentCache full:https://registry.npmjs.org/universalify set size:19431 disposed:false
589 silly fetch manifest jws@^4.0.1
590 silly packumentCache full:https://registry.npmjs.org/jws cache-miss
591 http fetch GET 200 https://registry.npmjs.org/openapi3-ts 19ms (cache hit)
592 silly packumentCache full:https://registry.npmjs.org/openapi3-ts set size:159478 disposed:false
593 silly fetch manifest lodash.once@^4.0.0
594 silly packumentCache full:https://registry.npmjs.org/lodash.once cache-miss
595 http fetch GET 200 https://registry.npmjs.org/https-proxy-agent 16ms (cache hit)
596 silly packumentCache full:https://registry.npmjs.org/https-proxy-agent set size:83792 disposed:false
597 silly fetch manifest lodash.includes@^4.3.0
598 silly packumentCache full:https://registry.npmjs.org/lodash.includes cache-miss
599 http fetch GET 200 https://registry.npmjs.org/minipass 16ms (cache hit)
600 silly packumentCache full:https://registry.npmjs.org/minipass set size:276925 disposed:false
601 silly fetch manifest lodash.isnumber@^3.0.3
602 silly packumentCache full:https://registry.npmjs.org/lodash.isnumber cache-miss
603 http fetch GET 200 https://registry.npmjs.org/uuid 20ms (cache hit)
604 silly packumentCache full:https://registry.npmjs.org/uuid set size:256419 disposed:false
605 silly fetch manifest lodash.isstring@^4.0.1
606 silly packumentCache full:https://registry.npmjs.org/lodash.isstring cache-miss
607 http fetch GET 200 https://registry.npmjs.org/minimatch 18ms (cache hit)
608 silly packumentCache full:https://registry.npmjs.org/minimatch set size:377924 disposed:false
609 silly fetch manifest lodash.isboolean@^3.0.3
610 silly packumentCache full:https://registry.npmjs.org/lodash.isboolean cache-miss
611 http fetch GET 200 https://registry.npmjs.org/jws 20ms (cache hit)
612 silly packumentCache full:https://registry.npmjs.org/jws set size:48740 disposed:false
613 silly fetch manifest lodash.isinteger@^4.0.4
614 silly packumentCache full:https://registry.npmjs.org/lodash.isinteger cache-miss
615 http fetch GET 200 https://registry.npmjs.org/jws 14ms (cache hit)
616 silly packumentCache full:https://registry.npmjs.org/jws set size:48740 disposed:false
617 silly packumentCache full:https://registry.npmjs.org/jws dispose
618 silly fetch manifest lodash.isplainobject@^4.0.6
619 silly packumentCache full:https://registry.npmjs.org/lodash.isplainobject cache-miss
620 http fetch GET 200 https://registry.npmjs.org/gtoken 22ms (cache hit)
621 silly packumentCache full:https://registry.npmjs.org/gtoken set size:155604 disposed:false
622 silly fetch manifest libsodium@^0.7.16
623 silly packumentCache full:https://registry.npmjs.org/libsodium cache-miss
624 http fetch GET 200 https://registry.npmjs.org/gcp-metadata 22ms (cache hit)
625 silly packumentCache full:https://registry.npmjs.org/gcp-metadata set size:203667 disposed:false
626 silly fetch manifest ansi-escapes@^7.0.0
627 silly packumentCache full:https://registry.npmjs.org/ansi-escapes cache-miss
628 http fetch GET 200 https://registry.npmjs.org/argparse 19ms (cache hit)
629 silly packumentCache full:https://registry.npmjs.org/argparse set size:51348 disposed:false
630 silly fetch manifest ansi-regex@^6.1.0
631 silly packumentCache full:https://registry.npmjs.org/ansi-regex cache-miss
632 http fetch GET 200 https://registry.npmjs.org/lodash.once 17ms (cache hit)
633 silly packumentCache full:https://registry.npmjs.org/lodash.once set size:23407 disposed:false
634 silly fetch manifest chalk@^5.4.1
635 silly packumentCache full:https://registry.npmjs.org/chalk cache-miss
636 http fetch GET 200 https://registry.npmjs.org/ecdsa-sig-formatter 24ms (cache hit)
637 silly packumentCache full:https://registry.npmjs.org/ecdsa-sig-formatter set size:23546 disposed:false
638 silly fetch manifest cli-highlight@^2.1.11
639 silly packumentCache full:https://registry.npmjs.org/cli-highlight cache-miss
640 http fetch GET 200 https://registry.npmjs.org/lodash.isnumber 16ms (cache hit)
641 silly packumentCache full:https://registry.npmjs.org/lodash.isnumber set size:21368 disposed:false
642 silly fetch manifest node-emoji@^2.2.0
643 silly packumentCache full:https://registry.npmjs.org/node-emoji cache-miss
644 http fetch GET 200 https://registry.npmjs.org/lodash.includes 17ms (cache hit)
645 silly packumentCache full:https://registry.npmjs.org/lodash.includes set size:27594 disposed:false
646 silly fetch manifest supports-hyperlinks@^3.1.0
647 silly packumentCache full:https://registry.npmjs.org/supports-hyperlinks cache-miss
648 http fetch GET 200 https://registry.npmjs.org/lodash.isstring 14ms (cache hit)
649 silly packumentCache full:https://registry.npmjs.org/lodash.isstring set size:21368 disposed:false
650 silly fetch manifest basic-auth@~2.0.1
651 silly packumentCache full:https://registry.npmjs.org/basic-auth cache-miss
652 http fetch GET 200 https://registry.npmjs.org/lodash.isboolean 12ms (cache hit)
653 silly packumentCache full:https://registry.npmjs.org/lodash.isboolean set size:21437 disposed:false
654 silly fetch manifest debug@2.6.9
655 silly packumentCache full:https://registry.npmjs.org/debug cache-miss
656 http fetch GET 200 https://registry.npmjs.org/lodash.isinteger 12ms (cache hit)
657 silly packumentCache full:https://registry.npmjs.org/lodash.isinteger set size:10827 disposed:false
658 silly fetch manifest whatwg-url@^5.0.0
659 silly packumentCache full:https://registry.npmjs.org/whatwg-url cache-miss
660 http fetch GET 200 https://registry.npmjs.org/lodash.isplainobject 11ms (cache hit)
661 silly packumentCache full:https://registry.npmjs.org/lodash.isplainobject set size:38531 disposed:false
662 silly fetch manifest is-wsl@^1.1.0
663 silly packumentCache full:https://registry.npmjs.org/is-wsl cache-miss
664 http fetch GET 200 https://registry.npmjs.org/ansi-escapes 9ms (cache hit)
665 silly packumentCache full:https://registry.npmjs.org/ansi-escapes set size:70915 disposed:false
666 silly fetch manifest pgpass@1.0.5
667 silly packumentCache full:https://registry.npmjs.org/pgpass cache-miss
668 http fetch GET 200 https://registry.npmjs.org/chalk 9ms (cache hit)
669 silly packumentCache full:https://registry.npmjs.org/chalk set size:134775 disposed:false
670 silly fetch manifest pg-pool@^3.14.0
671 silly packumentCache full:https://registry.npmjs.org/pg-pool cache-miss
672 http fetch GET 200 https://registry.npmjs.org/libsodium 13ms (cache hit)
673 silly packumentCache full:https://registry.npmjs.org/libsodium set size:89062 disposed:false
674 silly fetch manifest pg-types@2.2.0
675 silly packumentCache full:https://registry.npmjs.org/pg-types cache-miss
676 http fetch GET 200 https://registry.npmjs.org/cli-highlight 10ms (cache hit)
677 silly packumentCache full:https://registry.npmjs.org/cli-highlight set size:82544 disposed:false
678 silly fetch manifest pg-protocol@^1.15.0
679 silly packumentCache full:https://registry.npmjs.org/pg-protocol cache-miss
680 http fetch GET 200 https://registry.npmjs.org/ansi-regex 13ms (cache hit)
681 silly packumentCache full:https://registry.npmjs.org/ansi-regex set size:43572 disposed:false
682 silly fetch manifest pg-connection-string@^2.14.0
683 silly packumentCache full:https://registry.npmjs.org/pg-connection-string cache-miss
684 http fetch GET 200 https://registry.npmjs.org/supports-hyperlinks 12ms (cache hit)
685 silly packumentCache full:https://registry.npmjs.org/supports-hyperlinks set size:38477 disposed:false
686 silly fetch manifest pg-cloudflare@^1.4.0
687 silly packumentCache full:https://registry.npmjs.org/pg-cloudflare cache-miss
688 http fetch GET 200 https://registry.npmjs.org/node-emoji 13ms (cache hit)
689 silly packumentCache full:https://registry.npmjs.org/node-emoji set size:88366 disposed:false
690 silly fetch manifest async@^3.2.6
691 silly packumentCache full:https://registry.npmjs.org/async cache-hit
692 silly fetch manifest lru-cache@^7.14.1
693 silly packumentCache full:https://registry.npmjs.org/lru-cache cache-miss
694 http fetch GET 200 https://registry.npmjs.org/basic-auth 13ms (cache hit)
695 silly packumentCache full:https://registry.npmjs.org/basic-auth set size:24387 disposed:false
696 silly fetch manifest agent-base@^7.1.2
697 silly packumentCache full:https://registry.npmjs.org/agent-base cache-miss
698 http fetch GET 200 https://registry.npmjs.org/debug 14ms (cache hit)
699 silly packumentCache full:https://registry.npmjs.org/debug set size:195840 disposed:false
700 silly fetch manifest proxy-from-env@^1.1.0
701 silly packumentCache full:https://registry.npmjs.org/proxy-from-env cache-miss
702 http fetch GET 200 https://registry.npmjs.org/whatwg-url 17ms (cache hit)
703 silly packumentCache full:https://registry.npmjs.org/whatwg-url set size:177251 disposed:false
704 silly fetch manifest pac-proxy-agent@^7.1.0
705 silly packumentCache full:https://registry.npmjs.org/pac-proxy-agent cache-miss
706 http fetch GET 200 https://registry.npmjs.org/is-wsl 16ms (cache hit)
707 silly packumentCache full:https://registry.npmjs.org/is-wsl set size:20683 disposed:false
708 silly fetch manifest http-proxy-agent@^7.0.1
709 silly packumentCache full:https://registry.npmjs.org/http-proxy-agent cache-miss
710 http fetch GET 200 https://registry.npmjs.org/pg-types 12ms (cache hit)
711 silly packumentCache full:https://registry.npmjs.org/pg-types set size:51397 disposed:false
712 silly fetch manifest https-proxy-agent@^7.0.6
713 silly packumentCache full:https://registry.npmjs.org/https-proxy-agent cache-hit
714 silly fetch manifest socks-proxy-agent@^8.0.5
715 silly packumentCache full:https://registry.npmjs.org/socks-proxy-agent cache-miss
716 http fetch GET 200 https://registry.npmjs.org/pg-pool 14ms (cache hit)
717 silly packumentCache full:https://registry.npmjs.org/pg-pool set size:132010 disposed:false
718 silly fetch manifest nearley@^2.20.1
719 silly packumentCache full:https://registry.npmjs.org/nearley cache-miss
720 http fetch GET 200 https://registry.npmjs.org/pgpass 17ms (cache hit)
721 silly packumentCache full:https://registry.npmjs.org/pgpass set size:28590 disposed:false
722 silly fetch manifest is-url@^1.2.2
723 silly packumentCache full:https://registry.npmjs.org/is-url cache-miss
724 http fetch GET 200 https://registry.npmjs.org/pg-protocol 14ms (cache hit)
725 silly packumentCache full:https://registry.npmjs.org/pg-protocol set size:55319 disposed:false
726 silly fetch manifest router@^2.0.0
727 silly packumentCache full:https://registry.npmjs.org/router cache-miss
728 http fetch GET 200 https://registry.npmjs.org/pg-connection-string 13ms (cache hit)
729 silly packumentCache full:https://registry.npmjs.org/pg-connection-string set size:78715 disposed:false
730 silly fetch manifest commander@^10.0.0
731 silly packumentCache full:https://registry.npmjs.org/commander cache-hit
732 silly fetch manifest join-path@^1.1.1
733 silly packumentCache full:https://registry.npmjs.org/join-path cache-miss
734 http fetch GET 200 https://registry.npmjs.org/pg-cloudflare 16ms (cache hit)
735 silly packumentCache full:https://registry.npmjs.org/pg-cloudflare set size:22655 disposed:false
736 silly fetch manifest minimatch@^6.1.6
737 silly packumentCache full:https://registry.npmjs.org/minimatch cache-hit
738 silly fetch manifest glob-slasher@^1.0.1
739 silly packumentCache full:https://registry.npmjs.org/glob-slasher cache-miss
740 http fetch GET 200 https://registry.npmjs.org/lru-cache 16ms (cache hit)
741 silly packumentCache full:https://registry.npmjs.org/lru-cache set size:460407 disposed:false
742 silly fetch manifest path-to-regexp@^1.9.0
743 silly packumentCache full:https://registry.npmjs.org/path-to-regexp cache-miss
744 http fetch GET 200 https://registry.npmjs.org/agent-base 17ms (cache hit)
745 silly packumentCache full:https://registry.npmjs.org/agent-base set size:72085 disposed:false
746 silly fetch manifest basic-auth-connect@^1.1.0
747 silly packumentCache full:https://registry.npmjs.org/basic-auth-connect cache-miss
748 http fetch GET 200 https://registry.npmjs.org/proxy-from-env 15ms (cache hit)
749 silly packumentCache full:https://registry.npmjs.org/proxy-from-env set size:21422 disposed:false
750 silly fetch manifest re2@^1.17.7
751 silly packumentCache full:https://registry.npmjs.org/re2 cache-miss
752 http fetch GET 200 https://registry.npmjs.org/pac-proxy-agent 14ms (cache hit)
753 silly packumentCache full:https://registry.npmjs.org/pac-proxy-agent set size:69698 disposed:false
754 silly fetch manifest chownr@^3.0.0
755 silly packumentCache full:https://registry.npmjs.org/chownr cache-miss
756 http fetch GET 200 https://registry.npmjs.org/http-proxy-agent 15ms (cache hit)
757 silly packumentCache full:https://registry.npmjs.org/http-proxy-agent set size:57253 disposed:false
758 silly fetch manifest yallist@^5.0.0
759 silly packumentCache full:https://registry.npmjs.org/yallist cache-miss
760 http fetch GET 200 https://registry.npmjs.org/socks-proxy-agent 14ms (cache hit)
761 silly packumentCache full:https://registry.npmjs.org/socks-proxy-agent set size:108698 disposed:false
762 silly fetch manifest minizlib@^3.1.0
763 silly packumentCache full:https://registry.npmjs.org/minizlib cache-miss
764 http fetch GET 200 https://registry.npmjs.org/nearley 15ms (cache hit)
765 silly packumentCache full:https://registry.npmjs.org/nearley set size:210822 disposed:false
766 silly fetch manifest @isaacs/fs-minipass@^4.0.0
767 silly packumentCache full:https://registry.npmjs.org/@isaacs%2ffs-minipass cache-miss
768 http fetch GET 200 https://registry.npmjs.org/is-url 16ms (cache hit)
769 silly packumentCache full:https://registry.npmjs.org/is-url set size:11343 disposed:false
770 silly fetch manifest debug@4.3.1
771 silly packumentCache full:https://registry.npmjs.org/debug cache-hit
772 silly fetch manifest is2@2.0.1
773 silly packumentCache full:https://registry.npmjs.org/is2 cache-miss
774 http fetch GET 200 https://registry.npmjs.org/router 17ms (cache hit)
775 silly packumentCache full:https://registry.npmjs.org/router set size:116499 disposed:false
776 silly fetch manifest boxen@^5.0.0
777 silly packumentCache full:https://registry.npmjs.org/boxen cache-miss
778 http fetch GET 200 https://registry.npmjs.org/join-path 17ms (cache hit)
779 silly packumentCache full:https://registry.npmjs.org/join-path set size:6792 disposed:false
780 silly fetch manifest has-yarn@^2.1.0
781 silly packumentCache full:https://registry.npmjs.org/has-yarn cache-miss
782 http fetch GET 200 https://registry.npmjs.org/glob-slasher 16ms (cache hit)
783 silly packumentCache full:https://registry.npmjs.org/glob-slasher set size:4547 disposed:false
784 silly fetch manifest import-lazy@^2.1.0
785 silly packumentCache full:https://registry.npmjs.org/import-lazy cache-miss
786 http fetch GET 200 https://registry.npmjs.org/path-to-regexp 14ms (cache hit)
787 silly packumentCache full:https://registry.npmjs.org/path-to-regexp set size:216334 disposed:false
788 silly fetch manifest is-ci@^2.0.0
789 silly packumentCache full:https://registry.npmjs.org/is-ci cache-miss
790 http fetch GET 200 https://registry.npmjs.org/basic-auth-connect 15ms (cache hit)
791 silly packumentCache full:https://registry.npmjs.org/basic-auth-connect set size:5161 disposed:false
792 silly fetch manifest is-installed-globally@^0.4.0
793 silly packumentCache full:https://registry.npmjs.org/is-installed-globally cache-miss
794 http fetch GET 200 https://registry.npmjs.org/re2 15ms (cache hit)
795 silly packumentCache full:https://registry.npmjs.org/re2 set size:255379 disposed:false
796 silly fetch manifest is-npm@^5.0.0
797 silly packumentCache full:https://registry.npmjs.org/is-npm cache-miss
798 http fetch GET 200 https://registry.npmjs.org/chownr 16ms (cache hit)
799 silly packumentCache full:https://registry.npmjs.org/chownr set size:22157 disposed:false
800 silly fetch manifest is-yarn-global@^0.3.0
801 silly packumentCache full:https://registry.npmjs.org/is-yarn-global cache-miss
802 http fetch GET 200 https://registry.npmjs.org/yallist 16ms (cache hit)
803 silly packumentCache full:https://registry.npmjs.org/yallist set size:34610 disposed:false
804 silly fetch manifest isomorphic-fetch@^3.0.0
805 silly packumentCache full:https://registry.npmjs.org/isomorphic-fetch cache-miss
806 http fetch GET 200 https://registry.npmjs.org/minizlib 16ms (cache hit)
807 silly packumentCache full:https://registry.npmjs.org/minizlib set size:62862 disposed:false
808 silly fetch manifest pupa@^2.1.1
809 silly packumentCache full:https://registry.npmjs.org/pupa cache-miss
810 http fetch GET 200 https://registry.npmjs.org/@isaacs%2ffs-minipass 13ms (cache hit)
811 silly packumentCache full:https://registry.npmjs.org/@isaacs%2ffs-minipass set size:7912 disposed:false
812 silly fetch manifest registry-auth-token@^5.0.1
813 silly packumentCache full:https://registry.npmjs.org/registry-auth-token cache-miss
814 http fetch GET 200 https://registry.npmjs.org/is2 14ms (cache hit)
815 silly packumentCache full:https://registry.npmjs.org/is2 set size:60262 disposed:false
816 silly fetch manifest registry-url@^5.1.0
817 silly packumentCache full:https://registry.npmjs.org/registry-url cache-miss
818 http fetch GET 200 https://registry.npmjs.org/boxen 13ms (cache hit)
819 silly packumentCache full:https://registry.npmjs.org/boxen set size:96237 disposed:false
820 silly fetch manifest semver-diff@^3.1.1
821 silly packumentCache full:https://registry.npmjs.org/semver-diff cache-miss
822 http fetch GET 200 https://registry.npmjs.org/has-yarn 13ms (cache hit)
823 silly packumentCache full:https://registry.npmjs.org/has-yarn set size:12720 disposed:false
824 silly fetch manifest async@^3.2.3
825 silly packumentCache full:https://registry.npmjs.org/async cache-hit
826 silly fetch manifest logform@^2.7.0
827 silly packumentCache full:https://registry.npmjs.org/logform cache-miss
828 http fetch GET 200 https://registry.npmjs.org/import-lazy 15ms (cache hit)
829 silly packumentCache full:https://registry.npmjs.org/import-lazy set size:9891 disposed:false
830 silly fetch manifest one-time@^1.0.0
831 silly packumentCache full:https://registry.npmjs.org/one-time cache-miss
832 http fetch GET 200 https://registry.npmjs.org/is-ci 13ms (cache hit)
833 silly packumentCache full:https://registry.npmjs.org/is-ci set size:35380 disposed:false
834 silly fetch manifest stack-trace@0.0.x
835 silly packumentCache full:https://registry.npmjs.org/stack-trace cache-miss
836 http fetch GET 200 https://registry.npmjs.org/is-installed-globally 13ms (cache hit)
837 silly packumentCache full:https://registry.npmjs.org/is-installed-globally set size:19693 disposed:false
838 silly fetch manifest @colors/colors@^1.6.0
839 silly packumentCache full:https://registry.npmjs.org/@colors%2fcolors cache-miss
840 http fetch GET 200 https://registry.npmjs.org/is-npm 12ms (cache hit)
841 silly packumentCache full:https://registry.npmjs.org/is-npm set size:19322 disposed:false
842 silly fetch manifest @dabh/diagnostics@^2.0.8
843 silly packumentCache full:https://registry.npmjs.org/@dabh%2fdiagnostics cache-miss
844 http fetch GET 200 https://registry.npmjs.org/is-yarn-global 11ms (cache hit)
845 silly packumentCache full:https://registry.npmjs.org/is-yarn-global set size:10545 disposed:false
846 silly fetch manifest winston-transport@^4.9.0
847 silly packumentCache full:https://registry.npmjs.org/winston-transport cache-hit
848 silly fetch manifest safe-stable-stringify@^2.3.1
849 silly packumentCache full:https://registry.npmjs.org/safe-stable-stringify cache-miss
850 http fetch GET 200 https://registry.npmjs.org/isomorphic-fetch 12ms (cache hit)
851 silly packumentCache full:https://registry.npmjs.org/isomorphic-fetch set size:45618 disposed:false
852 silly fetch manifest logform@^2.7.0
853 silly packumentCache full:https://registry.npmjs.org/logform cache-miss
854 http fetch GET 200 https://registry.npmjs.org/pupa 11ms (cache hit)
855 silly packumentCache full:https://registry.npmjs.org/pupa set size:27054 disposed:false
856 http fetch GET 200 https://registry.npmjs.org/registry-auth-token 11ms (cache hit)
857 silly packumentCache full:https://registry.npmjs.org/registry-auth-token set size:64303 disposed:false
858 http fetch GET 200 https://registry.npmjs.org/semver-diff 10ms (cache hit)
859 silly packumentCache full:https://registry.npmjs.org/semver-diff set size:20386 disposed:false
860 http fetch GET 200 https://registry.npmjs.org/registry-url 11ms (cache hit)
861 silly packumentCache full:https://registry.npmjs.org/registry-url set size:35136 disposed:false
862 http fetch GET 200 https://registry.npmjs.org/logform 9ms (cache hit)
863 silly packumentCache full:https://registry.npmjs.org/logform set size:101534 disposed:false
864 http fetch GET 200 https://registry.npmjs.org/one-time 9ms (cache hit)
865 silly packumentCache full:https://registry.npmjs.org/one-time set size:12254 disposed:false
866 http fetch GET 200 https://registry.npmjs.org/stack-trace 9ms (cache hit)
867 silly packumentCache full:https://registry.npmjs.org/stack-trace set size:26231 disposed:false
868 http fetch GET 200 https://registry.npmjs.org/@colors%2fcolors 9ms (cache hit)
869 silly packumentCache full:https://registry.npmjs.org/@colors%2fcolors set size:12042 disposed:false
870 http fetch GET 200 https://registry.npmjs.org/logform 5ms (cache hit)
871 silly packumentCache full:https://registry.npmjs.org/logform set size:101534 disposed:false
872 silly packumentCache full:https://registry.npmjs.org/logform dispose
873 http fetch GET 200 https://registry.npmjs.org/@dabh%2fdiagnostics 8ms (cache hit)
874 silly packumentCache full:https://registry.npmjs.org/@dabh%2fdiagnostics set size:34310 disposed:false
875 http fetch GET 200 https://registry.npmjs.org/safe-stable-stringify 6ms (cache hit)
876 silly packumentCache full:https://registry.npmjs.org/safe-stable-stringify set size:45091 disposed:false
877 silly placeDep ROOT @googleapis/sqladmin@35.2.0 OK for: @google-cloud/cloud-sql-connector@1.10.0 want: ^35.2.0
878 silly placeDep node_modules/@google-cloud/cloud-sql-connector gaxios@7.3.0 OK for: @google-cloud/cloud-sql-connector@1.10.0 want: ^7.1.4
879 silly placeDep node_modules/@google-cloud/cloud-sql-connector google-auth-library@10.9.1 OK for: @google-cloud/cloud-sql-connector@1.10.0 want: ^10.6.2
880 silly placeDep ROOT p-throttle@7.0.0 OK for: @google-cloud/cloud-sql-connector@1.10.0 want: ^7.0.0
881 silly fetch manifest googleapis-common@^8.0.0
882 silly packumentCache full:https://registry.npmjs.org/googleapis-common cache-miss
883 silly fetch manifest node-fetch@^3.3.2
884 silly packumentCache full:https://registry.npmjs.org/node-fetch cache-hit
885 silly fetch manifest gcp-metadata@8.1.2
886 silly packumentCache full:https://registry.npmjs.org/gcp-metadata cache-hit
887 silly fetch manifest google-logging-utils@1.1.3
888 silly packumentCache full:https://registry.npmjs.org/google-logging-utils cache-hit
889 http fetch GET 200 https://registry.npmjs.org/googleapis-common 2ms (cache hit)
890 silly packumentCache full:https://registry.npmjs.org/googleapis-common set size:241142 disposed:false
891 silly placeDep ROOT @google-cloud/paginator@6.1.0 OK for: @google-cloud/pubsub@5.3.1 want: ^6.0.0
892 silly placeDep ROOT @google-cloud/precise-date@5.2.0 OK for: @google-cloud/pubsub@5.3.1 want: ^5.0.0
893 silly placeDep ROOT @google-cloud/projectify@5.2.0 OK for: @google-cloud/pubsub@5.3.1 want: ^5.0.0
894 silly placeDep ROOT @google-cloud/promisify@5.1.0 OK for: @google-cloud/pubsub@5.3.1 want: ^5.0.0
895 silly placeDep ROOT @opentelemetry/api@1.9.1 OK for: @google-cloud/pubsub@5.3.1 want: ~1.9.0
896 silly placeDep ROOT @opentelemetry/core@1.30.1 OK for: @google-cloud/pubsub@5.3.1 want: ^1.30.1
897 silly placeDep ROOT @opentelemetry/semantic-conventions@1.39.0 OK for: @google-cloud/pubsub@5.3.1 want: ~1.39.0
898 silly placeDep ROOT arrify@2.0.1 OK for: @google-cloud/pubsub@5.3.1 want: ^2.0.0
899 silly placeDep node_modules/@google-cloud/pubsub google-auth-library@10.9.1 OK for: @google-cloud/pubsub@5.3.1 want: ^10.5.0
900 silly placeDep ROOT google-gax@5.0.8 OK for: @google-cloud/pubsub@5.3.1 want: ^5.0.5
901 silly placeDep ROOT google-logging-utils@1.2.0 OK for: @google-cloud/pubsub@5.3.1 want: ^1.1.3
902 silly placeDep ROOT heap-js@2.7.1 OK for: @google-cloud/pubsub@5.3.1 want: ^2.6.0
903 silly placeDep ROOT is-stream-ended@0.1.4 OK for: @google-cloud/pubsub@5.3.1 want: ^0.1.4
904 silly placeDep ROOT lodash.snakecase@4.1.1 OK for: @google-cloud/pubsub@5.3.1 want: ^4.1.1
905 silly placeDep ROOT p-defer@3.0.0 OK for: @google-cloud/pubsub@5.3.1 want: ^3.0.0
906 silly fetch manifest @opentelemetry/semantic-conventions@1.28.0
907 silly packumentCache full:https://registry.npmjs.org/@opentelemetry%2fsemantic-conventions cache-hit
908 silly fetch manifest rimraf@^5.0.1
909 silly packumentCache full:https://registry.npmjs.org/rimraf cache-miss
910 silly fetch manifest duplexify@^4.1.3
911 silly packumentCache full:https://registry.npmjs.org/duplexify cache-miss
912 silly fetch manifest object-hash@^3.0.0
913 silly packumentCache full:https://registry.npmjs.org/object-hash cache-miss
914 silly fetch manifest @grpc/grpc-js@^1.12.6
915 silly packumentCache full:https://registry.npmjs.org/@grpc%2fgrpc-js cache-miss
916 silly fetch manifest retry-request@^8.0.2
917 silly packumentCache full:https://registry.npmjs.org/retry-request cache-miss
918 silly fetch manifest @grpc/proto-loader@^0.8.0
919 silly packumentCache full:https://registry.npmjs.org/@grpc%2fproto-loader cache-miss
920 silly fetch manifest google-auth-library@10.5.0
921 silly packumentCache full:https://registry.npmjs.org/google-auth-library cache-hit
922 silly fetch manifest proto3-json-serializer@3.0.4
923 silly packumentCache full:https://registry.npmjs.org/proto3-json-serializer cache-miss
924 http fetch GET 200 https://registry.npmjs.org/object-hash 4ms (cache hit)
925 silly packumentCache full:https://registry.npmjs.org/object-hash set size:100564 disposed:false
926 http fetch GET 200 https://registry.npmjs.org/rimraf 6ms (cache hit)
927 silly packumentCache full:https://registry.npmjs.org/rimraf set size:212626 disposed:false
928 http fetch GET 200 https://registry.npmjs.org/retry-request 7ms (cache hit)
929 silly packumentCache full:https://registry.npmjs.org/retry-request set size:94976 disposed:false
930 http fetch GET 200 https://registry.npmjs.org/duplexify 8ms (cache hit)
931 silly packumentCache full:https://registry.npmjs.org/duplexify set size:73064 disposed:false
932 http fetch GET 200 https://registry.npmjs.org/proto3-json-serializer 7ms (cache hit)
933 silly packumentCache full:https://registry.npmjs.org/proto3-json-serializer set size:91023 disposed:false
934 http fetch GET 200 https://registry.npmjs.org/@grpc%2fgrpc-js 9ms (cache hit)
935 silly packumentCache full:https://registry.npmjs.org/@grpc%2fgrpc-js set size:674221 disposed:false
936 http fetch GET 200 https://registry.npmjs.org/@grpc%2fproto-loader 10ms (cache hit)
937 silly packumentCache full:https://registry.npmjs.org/@grpc%2fproto-loader set size:218355 disposed:false
938 silly placeDep ROOT googleapis-common@8.0.3 OK for: @googleapis/sqladmin@35.2.0 want: ^8.0.0
939 silly fetch manifest gaxios@7.1.3
940 silly packumentCache full:https://registry.npmjs.org/gaxios cache-hit
941 silly fetch manifest url-template@^2.0.8
942 silly packumentCache full:https://registry.npmjs.org/url-template cache-miss
943 http fetch GET 200 https://registry.npmjs.org/url-template 2ms (cache hit)
944 silly packumentCache full:https://registry.npmjs.org/url-template set size:25205 disposed:false
945 silly placeDep ROOT @inquirer/checkbox@4.3.2 OK for: @inquirer/prompts@7.10.1 want: ^4.3.2
946 silly placeDep ROOT @inquirer/confirm@5.1.21 OK for: @inquirer/prompts@7.10.1 want: ^5.1.21
947 silly placeDep ROOT @inquirer/editor@4.2.23 OK for: @inquirer/prompts@7.10.1 want: ^4.2.23
948 silly placeDep ROOT @inquirer/expand@4.0.23 OK for: @inquirer/prompts@7.10.1 want: ^4.0.23
949 silly placeDep ROOT @inquirer/input@4.3.1 OK for: @inquirer/prompts@7.10.1 want: ^4.3.1
950 silly placeDep ROOT @inquirer/number@3.0.23 OK for: @inquirer/prompts@7.10.1 want: ^3.0.23
951 silly placeDep ROOT @inquirer/password@4.0.23 OK for: @inquirer/prompts@7.10.1 want: ^4.0.23
952 silly placeDep ROOT @inquirer/rawlist@4.1.11 OK for: @inquirer/prompts@7.10.1 want: ^4.1.11
953 silly placeDep ROOT @inquirer/search@3.2.2 OK for: @inquirer/prompts@7.10.1 want: ^3.2.2
954 silly placeDep ROOT @inquirer/select@4.4.2 OK for: @inquirer/prompts@7.10.1 want: ^4.4.2
955 silly fetch manifest @inquirer/ansi@^1.0.2
956 silly packumentCache full:https://registry.npmjs.org/@inquirer%2fansi cache-miss
957 silly fetch manifest @inquirer/core@^10.3.2
958 silly packumentCache full:https://registry.npmjs.org/@inquirer%2fcore cache-miss
959 silly fetch manifest @inquirer/type@^3.0.10
960 silly packumentCache full:https://registry.npmjs.org/@inquirer%2ftype cache-miss
961 silly fetch manifest yoctocolors-cjs@^2.1.3
962 silly packumentCache full:https://registry.npmjs.org/yoctocolors-cjs cache-miss
963 silly fetch manifest @inquirer/figures@^1.0.15
964 silly packumentCache full:https://registry.npmjs.org/@inquirer%2ffigures cache-miss
965 silly fetch manifest @inquirer/core@^10.3.2
966 silly packumentCache full:https://registry.npmjs.org/@inquirer%2fcore cache-miss
967 silly fetch manifest @inquirer/type@^3.0.10
968 silly packumentCache full:https://registry.npmjs.org/@inquirer%2ftype cache-miss
969 silly fetch manifest @inquirer/core@^10.3.2
970 silly packumentCache full:https://registry.npmjs.org/@inquirer%2fcore cache-miss
971 silly fetch manifest @inquirer/type@^3.0.10
972 silly packumentCache full:https://registry.npmjs.org/@inquirer%2ftype cache-miss
973 silly fetch manifest @inquirer/external-editor@^1.0.3
974 silly packumentCache full:https://registry.npmjs.org/@inquirer%2fexternal-editor cache-miss
975 silly fetch manifest @inquirer/core@^10.3.2
976 silly packumentCache full:https://registry.npmjs.org/@inquirer%2fcore cache-miss
977 http fetch GET 200 https://registry.npmjs.org/@inquirer%2ffigures 16ms (cache hit)
978 silly packumentCache full:https://registry.npmjs.org/@inquirer%2ffigures set size:57318 disposed:false
979 silly fetch manifest @inquirer/type@^3.0.10
980 silly packumentCache full:https://registry.npmjs.org/@inquirer%2ftype cache-miss
981 http fetch GET 200 https://registry.npmjs.org/@inquirer%2fcore 19ms (cache hit)
982 silly packumentCache full:https://registry.npmjs.org/@inquirer%2fcore set size:353358 disposed:false
983 silly fetch manifest yoctocolors-cjs@^2.1.3
984 silly packumentCache full:https://registry.npmjs.org/yoctocolors-cjs cache-miss
985 http fetch GET 200 https://registry.npmjs.org/yoctocolors-cjs 20ms (cache hit)
986 silly packumentCache full:https://registry.npmjs.org/yoctocolors-cjs set size:12865 disposed:false
987 silly fetch manifest @inquirer/type@^3.0.10
988 silly packumentCache full:https://registry.npmjs.org/@inquirer%2ftype cache-miss
989 http fetch GET 200 https://registry.npmjs.org/@inquirer%2fexternal-editor 17ms (cache hit)
990 silly packumentCache full:https://registry.npmjs.org/@inquirer%2fexternal-editor set size:41046 disposed:false
991 silly fetch manifest @inquirer/type@^3.0.10
992 silly packumentCache full:https://registry.npmjs.org/@inquirer%2ftype cache-miss
993 http fetch GET 200 https://registry.npmjs.org/@inquirer%2ftype 24ms (cache hit)
994 silly packumentCache full:https://registry.npmjs.org/@inquirer%2ftype set size:119899 disposed:false
995 silly fetch manifest @inquirer/ansi@^1.0.2
996 silly packumentCache full:https://registry.npmjs.org/@inquirer%2fansi cache-miss
997 http fetch GET 200 https://registry.npmjs.org/@inquirer%2ftype 22ms (cache hit)
998 silly packumentCache full:https://registry.npmjs.org/@inquirer%2ftype set size:119899 disposed:false
999 silly packumentCache full:https://registry.npmjs.org/@inquirer%2ftype dispose
1000 silly fetch manifest @inquirer/ansi@^1.0.2
1001 silly packumentCache full:https://registry.npmjs.org/@inquirer%2fansi cache-miss
1002 http fetch GET 200 https://registry.npmjs.org/@inquirer%2ftype 24ms (cache hit)
1003 silly packumentCache full:https://registry.npmjs.org/@inquirer%2ftype set size:119899 disposed:true
1004 silly packumentCache full:https://registry.npmjs.org/@inquirer%2ftype dispose
1005 http fetch GET 200 https://registry.npmjs.org/@inquirer%2fcore 25ms (cache hit)
1006 silly packumentCache full:https://registry.npmjs.org/@inquirer%2fcore set size:353358 disposed:false
1007 silly packumentCache full:https://registry.npmjs.org/@inquirer%2fcore dispose
1008 http fetch GET 200 https://registry.npmjs.org/@inquirer%2fcore 26ms (cache hit)
1009 silly packumentCache full:https://registry.npmjs.org/@inquirer%2fcore set size:353358 disposed:true
1010 silly packumentCache full:https://registry.npmjs.org/@inquirer%2fcore dispose
1011 http fetch GET 200 https://registry.npmjs.org/@inquirer%2fansi 34ms (cache hit)
1012 silly packumentCache full:https://registry.npmjs.org/@inquirer%2fansi set size:29199 disposed:false
1013 http fetch GET 200 https://registry.npmjs.org/@inquirer%2fcore 32ms (cache hit)
1014 silly packumentCache full:https://registry.npmjs.org/@inquirer%2fcore set size:353358 disposed:true
1015 silly packumentCache full:https://registry.npmjs.org/@inquirer%2fcore dispose
1016 http fetch GET 200 https://registry.npmjs.org/@inquirer%2ftype 15ms (cache hit)
1017 silly packumentCache full:https://registry.npmjs.org/@inquirer%2ftype set size:119899 disposed:true
1018 silly packumentCache full:https://registry.npmjs.org/@inquirer%2ftype dispose
1019 http fetch GET 200 https://registry.npmjs.org/yoctocolors-cjs 17ms (cache hit)
1020 silly packumentCache full:https://registry.npmjs.org/yoctocolors-cjs set size:12865 disposed:false
1021 silly packumentCache full:https://registry.npmjs.org/yoctocolors-cjs dispose
1022 http fetch GET 200 https://registry.npmjs.org/@inquirer%2fansi 12ms (cache hit)
1023 silly packumentCache full:https://registry.npmjs.org/@inquirer%2fansi set size:29199 disposed:false
1024 silly packumentCache full:https://registry.npmjs.org/@inquirer%2fansi dispose
1025 http fetch GET 200 https://registry.npmjs.org/@inquirer%2fansi 14ms (cache hit)
1026 silly packumentCache full:https://registry.npmjs.org/@inquirer%2fansi set size:29199 disposed:true
1027 silly packumentCache full:https://registry.npmjs.org/@inquirer%2fansi dispose
1028 http fetch GET 200 https://registry.npmjs.org/@inquirer%2ftype 20ms (cache hit)
1029 silly packumentCache full:https://registry.npmjs.org/@inquirer%2ftype set size:119899 disposed:true
1030 silly packumentCache full:https://registry.npmjs.org/@inquirer%2ftype dispose
1031 http fetch GET 200 https://registry.npmjs.org/@inquirer%2ftype 18ms (cache hit)
1032 silly packumentCache full:https://registry.npmjs.org/@inquirer%2ftype set size:119899 disposed:true
1033 silly packumentCache full:https://registry.npmjs.org/@inquirer%2ftype dispose
1034 silly placeDep ROOT @inquirer/ansi@1.0.2 OK for: @inquirer/checkbox@4.3.2 want: ^1.0.2
1035 silly placeDep ROOT @inquirer/core@10.3.2 OK for: @inquirer/checkbox@4.3.2 want: ^10.3.2
1036 silly placeDep ROOT @inquirer/figures@1.0.15 OK for: @inquirer/checkbox@4.3.2 want: ^1.0.15
1037 silly placeDep ROOT @inquirer/type@3.0.10 OK for: @inquirer/checkbox@4.3.2 want: ^3.0.10
1038 silly placeDep ROOT yoctocolors-cjs@2.1.3 OK for: @inquirer/checkbox@4.3.2 want: ^2.1.3
1039 silly fetch manifest cli-width@^4.1.0
1040 silly packumentCache full:https://registry.npmjs.org/cli-width cache-miss
1041 silly fetch manifest wrap-ansi@^6.2.0
1042 silly packumentCache full:https://registry.npmjs.org/wrap-ansi cache-miss
1043 silly fetch manifest mute-stream@^2.0.0
1044 silly packumentCache full:https://registry.npmjs.org/mute-stream cache-miss
1045 silly fetch manifest signal-exit@^4.1.0
1046 silly packumentCache full:https://registry.npmjs.org/signal-exit cache-miss
1047 http fetch GET 200 https://registry.npmjs.org/mute-stream 3ms (cache hit)
1048 silly packumentCache full:https://registry.npmjs.org/mute-stream set size:24413 disposed:false
1049 http fetch GET 200 https://registry.npmjs.org/signal-exit 3ms (cache hit)
1050 silly packumentCache full:https://registry.npmjs.org/signal-exit set size:53489 disposed:false
1051 http fetch GET 200 https://registry.npmjs.org/cli-width 5ms (cache hit)
1052 silly packumentCache full:https://registry.npmjs.org/cli-width set size:24976 disposed:false
1053 http fetch GET 200 https://registry.npmjs.org/wrap-ansi 4ms (cache hit)
1054 silly packumentCache full:https://registry.npmjs.org/wrap-ansi set size:55299 disposed:false
1055 silly placeDep node_modules/@inquirer/core cli-width@4.1.0 OK for: @inquirer/core@10.3.2 want: ^4.1.0
1056 silly placeDep node_modules/@inquirer/core mute-stream@2.0.0 OK for: @inquirer/core@10.3.2 want: ^2.0.0
1057 silly placeDep node_modules/@inquirer/core signal-exit@4.1.0 OK for: @inquirer/core@10.3.2 want: ^4.1.0
1058 silly placeDep node_modules/@inquirer/core wrap-ansi@6.2.0 OK for: @inquirer/core@10.3.2 want: ^6.2.0
1059 silly placeDep ROOT @inquirer/external-editor@1.0.3 OK for: @inquirer/editor@4.2.23 want: ^1.0.3
1060 silly fetch manifest chardet@^2.1.1
1061 silly packumentCache full:https://registry.npmjs.org/chardet cache-miss
1062 silly fetch manifest iconv-lite@^0.7.0
1063 silly packumentCache full:https://registry.npmjs.org/iconv-lite cache-miss
1064 http fetch GET 200 https://registry.npmjs.org/chardet 1ms (cache hit)
1065 silly packumentCache full:https://registry.npmjs.org/chardet set size:73855 disposed:false
1066 http fetch GET 200 https://registry.npmjs.org/iconv-lite 2ms (cache hit)
1067 silly packumentCache full:https://registry.npmjs.org/iconv-lite set size:126462 disposed:false
1068 silly placeDep node_modules/@inquirer/external-editor chardet@2.2.0 OK for: @inquirer/external-editor@1.0.3 want: ^2.1.1
1069 silly placeDep node_modules/@inquirer/external-editor iconv-lite@0.7.3 OK for: @inquirer/external-editor@1.0.3 want: ^0.7.0
1070 silly placeDep ROOT @hono/node-server@2.1.0 OK for: @modelcontextprotocol/sdk@1.30.0 want: ^1.19.9 || ^2.0.5
1071 silly placeDep node_modules/@modelcontextprotocol/sdk ajv@8.20.0 OK for: @modelcontextprotocol/sdk@1.30.0 want: ^8.17.1
1072 silly placeDep node_modules/@modelcontextprotocol/sdk ajv-formats@3.0.1 OK for: @modelcontextprotocol/sdk@1.30.0 want: ^3.0.1
1073 silly placeDep ROOT eventsource@3.0.7 OK for: @modelcontextprotocol/sdk@1.30.0 want: ^3.0.2
1074 silly placeDep ROOT eventsource-parser@3.1.0 OK for: @modelcontextprotocol/sdk@1.30.0 want: ^3.0.0
1075 silly placeDep node_modules/@modelcontextprotocol/sdk express@5.2.1 OK for: @modelcontextprotocol/sdk@1.30.0 want: ^5.2.1
1076 silly placeDep ROOT express-rate-limit@8.6.2 OK for: @modelcontextprotocol/sdk@1.30.0 want: ^8.2.1
1077 silly placeDep ROOT hono@4.13.1 OK for: @modelcontextprotocol/sdk@1.30.0 want: ^4.11.4
1078 silly placeDep ROOT jose@6.2.8 OK for: @modelcontextprotocol/sdk@1.30.0 want: ^6.1.3
1079 silly placeDep ROOT json-schema-typed@8.0.2 OK for: @modelcontextprotocol/sdk@1.30.0 want: ^8.0.2
1080 silly placeDep ROOT pkce-challenge@5.0.1 OK for: @modelcontextprotocol/sdk@1.30.0 want: ^5.0.0
1081 silly placeDep node_modules/@modelcontextprotocol/sdk raw-body@3.0.2 OK for: @modelcontextprotocol/sdk@1.30.0 want: ^3.0.0
1082 silly placeDep ROOT zod-to-json-schema@3.25.2 OK for: @modelcontextprotocol/sdk@1.30.0 want: ^3.25.1
1083 silly fetch manifest eventsource-parser@^3.0.1
1084 silly packumentCache full:https://registry.npmjs.org/eventsource-parser cache-hit
1085 silly fetch manifest send@^1.1.0
1086 silly packumentCache full:https://registry.npmjs.org/send cache-miss
1087 silly fetch manifest fresh@^2.0.0
1088 silly packumentCache full:https://registry.npmjs.org/fresh cache-miss
1089 silly fetch manifest router@^2.2.0
1090 silly packumentCache full:https://registry.npmjs.org/router cache-hit
1091 silly fetch manifest accepts@^2.0.0
1092 silly packumentCache full:https://registry.npmjs.org/accepts cache-miss
1093 silly fetch manifest type-is@^2.0.1
1094 silly packumentCache full:https://registry.npmjs.org/type-is cache-miss
1095 silly fetch manifest statuses@^2.0.1
1096 silly packumentCache full:https://registry.npmjs.org/statuses cache-miss
1097 silly fetch manifest encodeurl@^2.0.0
1098 silly packumentCache full:https://registry.npmjs.org/encodeurl cache-miss
1099 silly fetch manifest mime-types@^3.0.0
1100 silly packumentCache full:https://registry.npmjs.org/mime-types cache-miss
1101 silly fetch manifest body-parser@^2.2.1
1102 silly packumentCache full:https://registry.npmjs.org/body-parser cache-miss
1103 silly fetch manifest finalhandler@^2.1.0
1104 silly packumentCache full:https://registry.npmjs.org/finalhandler cache-miss
1105 silly fetch manifest serve-static@^2.2.0
1106 silly packumentCache full:https://registry.npmjs.org/serve-static cache-miss
1107 silly fetch manifest cookie-signature@^1.2.1
1108 silly packumentCache full:https://registry.npmjs.org/cookie-signature cache-miss
1109 http fetch GET 200 https://registry.npmjs.org/body-parser 8ms (cache hit)
1110 silly packumentCache full:https://registry.npmjs.org/body-parser set size:204559 disposed:false
1111 silly fetch manifest merge-descriptors@^2.0.0
1112 silly packumentCache full:https://registry.npmjs.org/merge-descriptors cache-miss
1113 http fetch GET 200 https://registry.npmjs.org/fresh 11ms (cache hit)
1114 silly packumentCache full:https://registry.npmjs.org/fresh set size:25427 disposed:false
1115 silly fetch manifest content-disposition@^1.0.0
1116 silly packumentCache full:https://registry.npmjs.org/content-disposition cache-miss
1117 http fetch GET 200 https://registry.npmjs.org/statuses 11ms (cache hit)
1118 silly packumentCache full:https://registry.npmjs.org/statuses set size:37117 disposed:false
1119 silly fetch manifest iconv-lite@~0.7.0
1120 silly packumentCache full:https://registry.npmjs.org/iconv-lite cache-hit
1121 http fetch GET 200 https://registry.npmjs.org/encodeurl 11ms (cache hit)
1122 silly packumentCache full:https://registry.npmjs.org/encodeurl set size:12296 disposed:false
1123 http fetch GET 200 https://registry.npmjs.org/send 13ms (cache hit)
1124 silly packumentCache full:https://registry.npmjs.org/send set size:152810 disposed:false
1125 http fetch GET 200 https://registry.npmjs.org/accepts 14ms (cache hit)
1126 silly packumentCache full:https://registry.npmjs.org/accepts set size:77054 disposed:false
1127 http fetch GET 200 https://registry.npmjs.org/type-is 14ms (cache hit)
1128 silly packumentCache full:https://registry.npmjs.org/type-is set size:88614 disposed:false
1129 http fetch GET 200 https://registry.npmjs.org/mime-types 14ms (cache hit)
1130 silly packumentCache full:https://registry.npmjs.org/mime-types set size:139110 disposed:false
1131 http fetch GET 200 https://registry.npmjs.org/serve-static 13ms (cache hit)
1132 silly packumentCache full:https://registry.npmjs.org/serve-static set size:150391 disposed:false
1133 http fetch GET 200 https://registry.npmjs.org/cookie-signature 13ms (cache hit)
1134 silly packumentCache full:https://registry.npmjs.org/cookie-signature set size:21777 disposed:false
1135 http fetch GET 200 https://registry.npmjs.org/finalhandler 15ms (cache hit)
1136 silly packumentCache full:https://registry.npmjs.org/finalhandler set size:79291 disposed:false
1137 http fetch GET 200 https://registry.npmjs.org/merge-descriptors 9ms (cache hit)
1138 silly packumentCache full:https://registry.npmjs.org/merge-descriptors set size:16527 disposed:false
1139 http fetch GET 200 https://registry.npmjs.org/content-disposition 9ms (cache hit)
1140 silly packumentCache full:https://registry.npmjs.org/content-disposition set size:42862 disposed:false
1141 silly placeDep node_modules/@opentelemetry/core @opentelemetry/semantic-conventions@1.28.0 OK for: @opentelemetry/core@1.30.1 want: 1.28.0
1142 silly placeDep ROOT event-target-shim@5.0.1 OK for: abort-controller@3.0.0 want: ^5.0.0
1143 silly placeDep ROOT archiver-utils@5.0.2 OK for: archiver@7.0.1 want: ^5.0.2
1144 silly placeDep ROOT async@3.2.6 OK for: archiver@7.0.1 want: ^3.2.4
1145 silly placeDep ROOT buffer-crc32@1.0.0 OK for: archiver@7.0.1 want: ^1.0.0
1146 silly placeDep node_modules/archiver readable-stream@4.7.0 OK for: archiver@7.0.1 want: ^4.0.0
1147 silly placeDep ROOT readdir-glob@1.1.3 OK for: archiver@7.0.1 want: ^1.1.2
1148 silly placeDep ROOT tar-stream@3.2.0 OK for: archiver@7.0.1 want: ^3.0.0
1149 silly placeDep ROOT zip-stream@6.0.1 OK for: archiver@7.0.1 want: ^6.0.1
1150 silly fetch manifest glob@^10.0.0
1151 silly packumentCache full:https://registry.npmjs.org/glob cache-hit
1152 silly fetch manifest lazystream@^1.0.0
1153 silly packumentCache full:https://registry.npmjs.org/lazystream cache-miss
1154 silly fetch manifest buffer@^6.0.3
1155 silly packumentCache full:https://registry.npmjs.org/buffer cache-miss
1156 silly fetch manifest process@^0.11.10
1157 silly packumentCache full:https://registry.npmjs.org/process cache-miss
1158 silly fetch manifest minimatch@^5.1.0
1159 silly packumentCache full:https://registry.npmjs.org/minimatch cache-hit
1160 silly fetch manifest b4a@^1.6.4
1161 silly packumentCache full:https://registry.npmjs.org/b4a cache-miss
1162 silly fetch manifest bare-fs@^4.5.5
1163 silly packumentCache full:https://registry.npmjs.org/bare-fs cache-miss
1164 silly fetch manifest fast-fifo@^1.2.0
1165 silly packumentCache full:https://registry.npmjs.org/fast-fifo cache-miss
1166 silly fetch manifest streamx@^2.15.0
1167 silly packumentCache full:https://registry.npmjs.org/streamx cache-miss
1168 silly fetch manifest compress-commons@^6.0.2
1169 silly packumentCache full:https://registry.npmjs.org/compress-commons cache-miss
1170 http fetch GET 200 https://registry.npmjs.org/lazystream 6ms (cache hit)
1171 silly packumentCache full:https://registry.npmjs.org/lazystream set size:14342 disposed:false
1172 http fetch GET 200 https://registry.npmjs.org/streamx 6ms (cache hit)
1173 silly packumentCache full:https://registry.npmjs.org/streamx set size:167396 disposed:false
1174 http fetch GET 200 https://registry.npmjs.org/buffer 10ms (cache hit)
1175 silly packumentCache full:https://registry.npmjs.org/buffer set size:280480 disposed:false
1176 http fetch GET 200 https://registry.npmjs.org/process 11ms (cache hit)
1177 silly packumentCache full:https://registry.npmjs.org/process set size:31260 disposed:false
1178 http fetch GET 200 https://registry.npmjs.org/fast-fifo 11ms (cache hit)
1179 silly packumentCache full:https://registry.npmjs.org/fast-fifo set size:13855 disposed:false
1180 http fetch GET 200 https://registry.npmjs.org/bare-fs 11ms (cache hit)
1181 silly packumentCache full:https://registry.npmjs.org/bare-fs set size:186213 disposed:false
1182 http fetch GET 200 https://registry.npmjs.org/compress-commons 12ms (cache hit)
1183 silly packumentCache full:https://registry.npmjs.org/compress-commons set size:91385 disposed:false
1184 http fetch GET 200 https://registry.npmjs.org/b4a 13ms (cache hit)
1185 silly packumentCache full:https://registry.npmjs.org/b4a set size:71632 disposed:false
1186 silly placeDep node_modules/archiver-utils glob@10.5.0 OK for: archiver-utils@5.0.2 want: ^10.0.0
1187 silly placeDep ROOT lazystream@1.0.1 OK for: archiver-utils@5.0.2 want: ^1.0.0
1188 silly placeDep node_modules/archiver-utils readable-stream@4.7.0 OK for: archiver-utils@5.0.2 want: ^4.0.0
1189 silly fetch manifest readable-stream@^2.0.5
1190 silly packumentCache full:https://registry.npmjs.org/readable-stream cache-hit
1191 silly placeDep ROOT json-parse-helpfulerror@1.0.3 OK for: cjson@0.3.3 want: ^1.0.3
1192 silly fetch manifest jju@^1.1.0
1193 silly packumentCache full:https://registry.npmjs.org/jju cache-miss
1194 http fetch GET 200 https://registry.npmjs.org/jju 2ms (cache hit)
1195 silly packumentCache full:https://registry.npmjs.org/jju set size:37375 disposed:false
1196 silly placeDep ROOT dot-prop@5.3.0 OK for: configstore@5.0.1 want: ^5.2.0
1197 silly placeDep node_modules/configstore make-dir@3.1.0 OK for: configstore@5.0.1 want: ^3.0.0
1198 silly placeDep ROOT unique-string@2.0.0 OK for: configstore@5.0.1 want: ^2.0.0
1199 silly placeDep ROOT write-file-atomic@3.0.3 OK for: configstore@5.0.1 want: ^3.0.0
1200 silly placeDep ROOT xdg-basedir@4.0.0 OK for: configstore@5.0.1 want: ^4.0.0
1201 silly fetch manifest is-obj@^2.0.0
1202 silly packumentCache full:https://registry.npmjs.org/is-obj cache-miss
1203 silly fetch manifest semver@^6.0.0
1204 silly packumentCache full:https://registry.npmjs.org/semver cache-miss
1205 silly fetch manifest crypto-random-string@^2.0.0
1206 silly packumentCache full:https://registry.npmjs.org/crypto-random-string cache-miss
1207 silly fetch manifest is-typedarray@^1.0.0
1208 silly packumentCache full:https://registry.npmjs.org/is-typedarray cache-miss
1209 silly fetch manifest typedarray-to-buffer@^3.1.5
1210 silly packumentCache full:https://registry.npmjs.org/typedarray-to-buffer cache-miss
1211 http fetch GET 200 https://registry.npmjs.org/is-obj 2ms (cache hit)
1212 silly packumentCache full:https://registry.npmjs.org/is-obj set size:9560 disposed:false
1213 http fetch GET 200 https://registry.npmjs.org/is-typedarray 3ms (cache hit)
1214 silly packumentCache full:https://registry.npmjs.org/is-typedarray set size:3992 disposed:false
1215 http fetch GET 200 https://registry.npmjs.org/typedarray-to-buffer 3ms (cache hit)
1216 silly packumentCache full:https://registry.npmjs.org/typedarray-to-buffer set size:38803 disposed:false
1217 http fetch GET 200 https://registry.npmjs.org/crypto-random-string 3ms (cache hit)
1218 silly packumentCache full:https://registry.npmjs.org/crypto-random-string set size:32874 disposed:false
1219 http fetch GET 200 https://registry.npmjs.org/semver 4ms (cache hit)
1220 silly packumentCache full:https://registry.npmjs.org/semver set size:246069 disposed:false
1221 silly placeDep ROOT is-obj@2.0.0 OK for: dot-prop@5.3.0 want: ^2.0.0
1222 silly placeDep ROOT @apidevtools/json-schema-ref-parser@9.1.2 OK for: exegesis@4.3.0 want: ^9.0.3
1223 silly placeDep ROOT deep-freeze@0.0.1 OK for: exegesis@4.3.0 want: 0.0.1
1224 silly placeDep ROOT events-listener@1.1.0 OK for: exegesis@4.3.0 want: ^1.1.0
1225 silly placeDep node_modules/exegesis glob@10.5.0 OK for: exegesis@4.3.0 want: ^10.3.10
1226 silly placeDep ROOT json-ptr@3.1.1 OK for: exegesis@4.3.0 want: ^3.0.1
1227 silly placeDep ROOT openapi3-ts@3.2.0 OK for: exegesis@4.3.0 want: ^3.1.1
1228 silly placeDep ROOT promise-breaker@6.0.0 OK for: exegesis@4.3.0 want: ^6.0.0
1229 silly fetch manifest js-yaml@^4.1.0
1230 silly packumentCache full:https://registry.npmjs.org/js-yaml cache-hit
1231 silly fetch manifest call-me-maybe@^1.0.1
1232 silly packumentCache full:https://registry.npmjs.org/call-me-maybe cache-miss
1233 silly fetch manifest @jsdevtools/ono@^7.1.3
1234 silly packumentCache full:https://registry.npmjs.org/@jsdevtools%2fono cache-miss
1235 http fetch GET 200 https://registry.npmjs.org/call-me-maybe 3ms (cache hit)
1236 silly packumentCache full:https://registry.npmjs.org/call-me-maybe set size:11485 disposed:false
1237 http fetch GET 200 https://registry.npmjs.org/@jsdevtools%2fono 3ms (cache hit)
1238 silly packumentCache full:https://registry.npmjs.org/@jsdevtools%2fono set size:45695 disposed:false
1239 silly placeDep ROOT @jsdevtools/ono@7.1.3 OK for: @apidevtools/json-schema-ref-parser@9.1.2 want: ^7.1.3
1240 silly placeDep ROOT call-me-maybe@1.0.2 OK for: @apidevtools/json-schema-ref-parser@9.1.2 want: ^1.0.1
1241 silly placeDep node_modules/@apidevtools/json-schema-ref-parser js-yaml@4.3.1 OK for: @apidevtools/json-schema-ref-parser@9.1.2 want: ^4.1.0
1242 silly placeDep node_modules/gaxios https-proxy-agent@7.0.6 OK for: gaxios@6.7.1 want: ^7.0.1
1243 silly placeDep node_modules/gaxios uuid@9.0.1 OK for: gaxios@6.7.1 want: ^9.0.1
1244 silly placeDep ROOT ecdsa-sig-formatter@1.0.11 OK for: google-auth-library@9.15.1 want: ^1.0.11
1245 silly placeDep ROOT gcp-metadata@6.1.1 OK for: google-auth-library@9.15.1 want: ^6.1.0
1246 silly placeDep ROOT gtoken@7.1.0 OK for: google-auth-library@9.15.1 want: ^7.0.0
1247 silly placeDep ROOT jws@4.0.1 OK for: google-auth-library@9.15.1 want: ^4.0.0
1248 silly fetch manifest json-bigint@^1.0.0
1249 silly packumentCache full:https://registry.npmjs.org/json-bigint cache-miss
1250 silly fetch manifest google-logging-utils@^0.0.2
1251 silly packumentCache full:https://registry.npmjs.org/google-logging-utils cache-hit
1252 silly fetch manifest jwa@^2.0.1
1253 silly packumentCache full:https://registry.npmjs.org/jwa cache-miss
1254 http fetch GET 200 https://registry.npmjs.org/json-bigint 2ms (cache hit)
1255 silly packumentCache full:https://registry.npmjs.org/json-bigint set size:36963 disposed:false
1256 http fetch GET 200 https://registry.npmjs.org/jwa 2ms (cache hit)
1257 silly packumentCache full:https://registry.npmjs.org/jwa set size:39720 disposed:false
1258 silly placeDep node_modules/gcp-metadata google-logging-utils@0.0.2 OK for: gcp-metadata@6.1.1 want: ^0.0.2
1259 silly placeDep ROOT json-bigint@1.0.0 OK for: gcp-metadata@6.1.1 want: ^1.0.0
1260 silly fetch manifest bignumber.js@^9.0.0
1261 silly packumentCache full:https://registry.npmjs.org/bignumber.js cache-miss
1262 http fetch GET 200 https://registry.npmjs.org/bignumber.js 1ms (cache hit)
1263 silly packumentCache full:https://registry.npmjs.org/bignumber.js set size:149332 disposed:false
1264 silly placeDep node_modules/google-gax @grpc/grpc-js@1.14.4 OK for: google-gax@5.0.8 want: ^1.12.6
1265 silly placeDep node_modules/google-gax @grpc/proto-loader@0.8.1 OK for: google-gax@5.0.8 want: ^0.8.0
1266 silly placeDep ROOT duplexify@4.1.3 OK for: google-gax@5.0.8 want: ^4.1.3
1267 silly placeDep node_modules/google-gax google-auth-library@10.5.0 OK for: google-gax@5.0.8 want: 10.5.0
1268 silly placeDep node_modules/google-gax google-logging-utils@1.1.3 OK for: google-gax@5.0.8 want: 1.1.3
1269 silly placeDep node_modules/google-gax node-fetch@3.3.2 OK for: google-gax@5.0.8 want: ^3.3.2
1270 silly placeDep ROOT object-hash@3.0.0 OK for: google-gax@5.0.8 want: ^3.0.0
1271 silly placeDep ROOT proto3-json-serializer@3.0.4 OK for: google-gax@5.0.8 want: 3.0.4
1272 silly placeDep ROOT retry-request@8.0.4 OK for: google-gax@5.0.8 want: ^8.0.2
1273 silly placeDep node_modules/google-gax rimraf@5.0.10 OK for: google-gax@5.0.8 want: ^5.0.1
1274 silly fetch manifest @js-sdsl/ordered-map@^4.4.2
1275 silly packumentCache full:https://registry.npmjs.org/@js-sdsl%2fordered-map cache-miss
1276 silly fetch manifest end-of-stream@^1.4.1
1277 silly packumentCache full:https://registry.npmjs.org/end-of-stream cache-miss
1278 silly fetch manifest stream-shift@^1.0.2
1279 silly packumentCache full:https://registry.npmjs.org/stream-shift cache-miss
1280 silly fetch manifest gaxios@^7.0.0
1281 silly packumentCache full:https://registry.npmjs.org/gaxios cache-hit
1282 silly fetch manifest gtoken@^8.0.0
1283 silly packumentCache full:https://registry.npmjs.org/gtoken cache-hit
1284 silly fetch manifest gcp-metadata@^8.0.0
1285 silly packumentCache full:https://registry.npmjs.org/gcp-metadata cache-hit
1286 silly fetch manifest data-uri-to-buffer@^4.0.0
1287 silly packumentCache full:https://registry.npmjs.org/data-uri-to-buffer cache-miss
1288 silly fetch manifest fetch-blob@^3.1.4
1289 silly packumentCache full:https://registry.npmjs.org/fetch-blob cache-miss
1290 silly fetch manifest formdata-polyfill@^4.0.10
1291 silly packumentCache full:https://registry.npmjs.org/formdata-polyfill cache-miss
1292 silly fetch manifest teeny-request@^10.0.0
1293 silly packumentCache full:https://registry.npmjs.org/teeny-request cache-miss
1294 silly fetch manifest glob@^10.3.7
1295 silly packumentCache full:https://registry.npmjs.org/glob cache-hit
1296 http fetch GET 200 https://registry.npmjs.org/stream-shift 7ms (cache hit)
1297 silly packumentCache full:https://registry.npmjs.org/stream-shift set size:8066 disposed:false
1298 http fetch GET 200 https://registry.npmjs.org/end-of-stream 7ms (cache hit)
1299 silly packumentCache full:https://registry.npmjs.org/end-of-stream set size:27842 disposed:false
1300 http fetch GET 200 https://registry.npmjs.org/@js-sdsl%2fordered-map 8ms (cache hit)
1301 silly packumentCache full:https://registry.npmjs.org/@js-sdsl%2fordered-map set size:63788 disposed:false
1302 http fetch GET 200 https://registry.npmjs.org/data-uri-to-buffer 8ms (cache hit)
1303 silly packumentCache full:https://registry.npmjs.org/data-uri-to-buffer set size:48018 disposed:false
1304 http fetch GET 200 https://registry.npmjs.org/formdata-polyfill 8ms (cache hit)
1305 silly packumentCache full:https://registry.npmjs.org/formdata-polyfill set size:94446 disposed:false
1306 http fetch GET 200 https://registry.npmjs.org/fetch-blob 9ms (cache hit)
1307 silly packumentCache full:https://registry.npmjs.org/fetch-blob set size:73704 disposed:false
1308 http fetch GET 200 https://registry.npmjs.org/teeny-request 9ms (cache hit)
1309 silly packumentCache full:https://registry.npmjs.org/teeny-request set size:180957 disposed:false
1310 silly placeDep ROOT end-of-stream@1.4.5 OK for: duplexify@4.1.3 want: ^1.4.1
1311 silly placeDep ROOT stream-shift@1.0.3 OK for: duplexify@4.1.3 want: ^1.0.2
1312 silly placeDep node_modules/googleapis-common gaxios@7.1.3 OK for: googleapis-common@8.0.3 want: 7.1.3
1313 silly placeDep node_modules/googleapis-common google-auth-library@10.5.0 OK for: googleapis-common@8.0.3 want: 10.5.0
1314 silly placeDep node_modules/googleapis-common google-logging-utils@1.1.3 OK for: googleapis-common@8.0.3 want: 1.1.3
1315 silly placeDep ROOT url-template@2.0.8 OK for: googleapis-common@8.0.3 want: ^2.0.8
1316 silly placeDep ROOT bignumber.js@9.3.1 OK for: json-bigint@1.0.0 want: ^9.0.0
1317 silly placeDep ROOT jju@1.4.0 OK for: json-parse-helpfulerror@1.0.3 want: ^1.1.0
1318 silly placeDep ROOT lodash.includes@4.3.0 OK for: jsonwebtoken@9.0.3 want: ^4.3.0
1319 silly placeDep ROOT lodash.isboolean@3.0.3 OK for: jsonwebtoken@9.0.3 want: ^3.0.3
1320 silly placeDep ROOT lodash.isinteger@4.0.4 OK for: jsonwebtoken@9.0.3 want: ^4.0.4
1321 silly placeDep ROOT lodash.isnumber@3.0.3 OK for: jsonwebtoken@9.0.3 want: ^3.0.3
1322 silly placeDep ROOT lodash.isplainobject@4.0.6 OK for: jsonwebtoken@9.0.3 want: ^4.0.6
1323 silly placeDep ROOT lodash.isstring@4.0.1 OK for: jsonwebtoken@9.0.3 want: ^4.0.1
1324 silly placeDep ROOT lodash.once@4.1.1 OK for: jsonwebtoken@9.0.3 want: ^4.0.0
1325 silly placeDep ROOT jwa@2.0.1 OK for: jws@4.0.1 want: ^2.0.1
1326 silly fetch manifest buffer-equal-constant-time@^1.0.1
1327 silly packumentCache full:https://registry.npmjs.org/buffer-equal-constant-time cache-miss
1328 http fetch GET 200 https://registry.npmjs.org/buffer-equal-constant-time 1ms (cache hit)
1329 silly packumentCache full:https://registry.npmjs.org/buffer-equal-constant-time set size:4390 disposed:false
1330 silly placeDep ROOT buffer-equal-constant-time@1.0.1 OK for: jwa@2.0.1 want: ^1.0.1
1331 silly placeDep node_modules/lazystream readable-stream@2.3.8 OK for: lazystream@1.0.1 want: ^2.0.5
1332 silly fetch manifest safe-buffer@~5.1.1
1333 silly packumentCache full:https://registry.npmjs.org/safe-buffer cache-miss
1334 silly fetch manifest string_decoder@~1.1.1
1335 silly packumentCache full:https://registry.npmjs.org/string_decoder cache-miss
1336 http fetch GET 200 https://registry.npmjs.org/safe-buffer 3ms (cache hit)
1337 silly packumentCache full:https://registry.npmjs.org/safe-buffer set size:41183 disposed:false
1338 http fetch GET 200 https://registry.npmjs.org/string_decoder 3ms (cache hit)
1339 silly packumentCache full:https://registry.npmjs.org/string_decoder set size:28441 disposed:false
1340 silly placeDep ROOT libsodium@0.7.16 OK for: libsodium-wrappers@0.7.16 want: ^0.7.16
1341 silly placeDep node_modules/marked-terminal ansi-escapes@7.3.0 OK for: marked-terminal@7.3.0 want: ^7.0.0
1342 silly placeDep node_modules/marked-terminal ansi-regex@6.2.2 OK for: marked-terminal@7.3.0 want: ^6.1.0
1343 silly placeDep node_modules/marked-terminal chalk@5.6.2 OK for: marked-terminal@7.3.0 want: ^5.4.1
1344 silly placeDep ROOT cli-highlight@2.1.11 OK for: marked-terminal@7.3.0 want: ^2.1.11
1345 silly placeDep ROOT node-emoji@2.2.0 OK for: marked-terminal@7.3.0 want: ^2.2.0
1346 silly placeDep ROOT supports-hyperlinks@3.2.0 OK for: marked-terminal@7.3.0 want: ^3.1.0
1347 silly fetch manifest environment@^1.0.0
1348 silly packumentCache full:https://registry.npmjs.org/environment cache-miss
1349 silly fetch manifest highlight.js@^10.7.1
1350 silly packumentCache full:https://registry.npmjs.org/highlight.js cache-miss
1351 silly fetch manifest mz@^2.4.0
1352 silly packumentCache full:https://registry.npmjs.org/mz cache-miss
1353 silly fetch manifest parse5@^5.1.1
1354 silly packumentCache full:https://registry.npmjs.org/parse5 cache-miss
1355 silly fetch manifest parse5-htmlparser2-tree-adapter@^6.0.0
1356 silly packumentCache full:https://registry.npmjs.org/parse5-htmlparser2-tree-adapter cache-miss
1357 silly fetch manifest yargs@^16.0.0
1358 silly packumentCache full:https://registry.npmjs.org/yargs cache-miss
1359 silly fetch manifest @sindresorhus/is@^4.6.0
1360 silly packumentCache full:https://registry.npmjs.org/@sindresorhus%2fis cache-miss
1361 silly fetch manifest char-regex@^1.0.2
1362 silly packumentCache full:https://registry.npmjs.org/char-regex cache-miss
1363 silly fetch manifest emojilib@^2.4.0
1364 silly packumentCache full:https://registry.npmjs.org/emojilib cache-miss
1365 silly fetch manifest skin-tone@^2.0.0
1366 silly packumentCache full:https://registry.npmjs.org/skin-tone cache-miss
1367 http fetch GET 200 https://registry.npmjs.org/mz 5ms (cache hit)
1368 silly packumentCache full:https://registry.npmjs.org/mz set size:42731 disposed:false
1369 http fetch GET 200 https://registry.npmjs.org/char-regex 5ms (cache hit)
1370 silly packumentCache full:https://registry.npmjs.org/char-regex set size:20509 disposed:false
1371 http fetch GET 200 https://registry.npmjs.org/yargs 6ms (cache hit)
1372 silly packumentCache full:https://registry.npmjs.org/yargs set size:759965 disposed:false
1373 http fetch GET 200 https://registry.npmjs.org/parse5 10ms (cache hit)
1374 silly packumentCache full:https://registry.npmjs.org/parse5 set size:123116 disposed:false
1375 http fetch GET 200 https://registry.npmjs.org/parse5-htmlparser2-tree-adapter 11ms (cache hit)
1376 silly packumentCache full:https://registry.npmjs.org/parse5-htmlparser2-tree-adapter set size:24244 disposed:false
1377 http fetch GET 200 https://registry.npmjs.org/@sindresorhus%2fis 12ms (cache hit)
1378 silly packumentCache full:https://registry.npmjs.org/@sindresorhus%2fis set size:202184 disposed:false
1379 http fetch GET 200 https://registry.npmjs.org/environment 15ms (cache hit)
1380 silly packumentCache full:https://registry.npmjs.org/environment set size:13915 disposed:false
1381 http fetch GET 200 https://registry.npmjs.org/emojilib 13ms (cache hit)
1382 silly packumentCache full:https://registry.npmjs.org/emojilib set size:85905 disposed:false
1383 http fetch GET 200 https://registry.npmjs.org/skin-tone 13ms (cache hit)
1384 silly packumentCache full:https://registry.npmjs.org/skin-tone set size:16099 disposed:false
1385 http fetch GET 200 https://registry.npmjs.org/highlight.js 17ms (cache hit)
1386 silly packumentCache full:https://registry.npmjs.org/highlight.js set size:1244415 disposed:false
1387 silly placeDep ROOT highlight.js@10.7.3 OK for: cli-highlight@2.1.11 want: ^10.7.1
1388 silly placeDep ROOT mz@2.7.0 OK for: cli-highlight@2.1.11 want: ^2.4.0
1389 silly placeDep node_modules/cli-highlight parse5@5.1.1 OK for: cli-highlight@2.1.11 want: ^5.1.1
1390 silly placeDep ROOT parse5-htmlparser2-tree-adapter@6.0.1 OK for: cli-highlight@2.1.11 want: ^6.0.0
1391 silly placeDep node_modules/cli-highlight yargs@16.2.2 OK for: cli-highlight@2.1.11 want: ^16.0.0
1392 silly fetch manifest any-promise@^1.0.0
1393 silly packumentCache full:https://registry.npmjs.org/any-promise cache-miss
1394 silly fetch manifest thenify-all@^1.0.0
1395 silly packumentCache full:https://registry.npmjs.org/thenify-all cache-miss
1396 silly fetch manifest cliui@^7.0.2
1397 silly packumentCache full:https://registry.npmjs.org/cliui cache-miss
1398 silly fetch manifest yargs-parser@^20.2.2
1399 silly packumentCache full:https://registry.npmjs.org/yargs-parser cache-miss
1400 http fetch GET 200 https://registry.npmjs.org/cliui 3ms (cache hit)
1401 silly packumentCache full:https://registry.npmjs.org/cliui set size:69089 disposed:false
1402 http fetch GET 200 https://registry.npmjs.org/yargs-parser 3ms (cache hit)
1403 silly packumentCache full:https://registry.npmjs.org/yargs-parser set size:238630 disposed:false
1404 http fetch GET 200 https://registry.npmjs.org/any-promise 5ms (cache hit)
1405 silly packumentCache full:https://registry.npmjs.org/any-promise set size:20233 disposed:false
1406 http fetch GET 200 https://registry.npmjs.org/thenify-all 6ms (cache hit)
1407 silly packumentCache full:https://registry.npmjs.org/thenify-all set size:18488 disposed:false
1408 silly placeDep ROOT basic-auth@2.0.1 OK for: morgan@1.11.0 want: ~2.0.1
1409 silly placeDep node_modules/morgan debug@2.6.9 OK for: morgan@1.11.0 want: 2.6.9
1410 silly fetch manifest safe-buffer@5.1.2
1411 silly packumentCache full:https://registry.npmjs.org/safe-buffer cache-hit
1412 silly fetch manifest ms@2.0.0
1413 silly packumentCache full:https://registry.npmjs.org/ms cache-miss
1414 http fetch GET 200 https://registry.npmjs.org/ms 1ms (cache hit)
1415 silly packumentCache full:https://registry.npmjs.org/ms set size:92208 disposed:false
1416 silly placeDep node_modules/basic-auth safe-buffer@5.1.2 OK for: basic-auth@2.0.1 want: 5.1.2
1417 silly placeDep ROOT any-promise@1.3.0 OK for: mz@2.7.0 want: ^1.0.0
1418 silly placeDep ROOT thenify-all@1.6.0 OK for: mz@2.7.0 want: ^1.0.0
1419 silly fetch manifest thenify@>= 3.1.0 < 4
1420 silly packumentCache full:https://registry.npmjs.org/thenify cache-miss
1421 http fetch GET 200 https://registry.npmjs.org/thenify 1ms (cache hit)
1422 silly packumentCache full:https://registry.npmjs.org/thenify set size:21379 disposed:false
1423 silly placeDep ROOT @sindresorhus/is@4.6.0 OK for: node-emoji@2.2.0 want: ^4.6.0
1424 silly placeDep ROOT char-regex@1.0.2 OK for: node-emoji@2.2.0 want: ^1.0.2
1425 silly placeDep ROOT emojilib@2.4.0 OK for: node-emoji@2.2.0 want: ^2.4.0
1426 silly placeDep ROOT skin-tone@2.0.0 OK for: node-emoji@2.2.0 want: ^2.0.0
1427 silly fetch manifest unicode-emoji-modifier-base@^1.0.0
1428 silly packumentCache full:https://registry.npmjs.org/unicode-emoji-modifier-base cache-miss
1429 http fetch GET 200 https://registry.npmjs.org/unicode-emoji-modifier-base 2ms (cache hit)
1430 silly packumentCache full:https://registry.npmjs.org/unicode-emoji-modifier-base set size:4638 disposed:false
1431 silly placeDep node_modules/node-fetch whatwg-url@5.0.0 OK for: node-fetch@2.7.0 want: ^5.0.0
1432 silly fetch manifest tr46@~0.0.3
1433 silly packumentCache full:https://registry.npmjs.org/tr46 cache-miss
1434 silly fetch manifest webidl-conversions@^3.0.0
1435 silly packumentCache full:https://registry.npmjs.org/webidl-conversions cache-miss
1436 http fetch GET 200 https://registry.npmjs.org/tr46 1ms (cache hit)
1437 silly packumentCache full:https://registry.npmjs.org/tr46 set size:47377 disposed:false
1438 http fetch GET 200 https://registry.npmjs.org/webidl-conversions 2ms (cache hit)
1439 silly packumentCache full:https://registry.npmjs.org/webidl-conversions set size:46073 disposed:false
1440 silly placeDep ROOT pg-cloudflare@1.4.0 OK for: pg@8.22.0 want: ^1.4.0
1441 silly placeDep ROOT pg-connection-string@2.14.0 OK for: pg@8.22.0 want: ^2.14.0
1442 silly placeDep ROOT pg-pool@3.14.0 OK for: pg@8.22.0 want: ^3.14.0
1443 silly placeDep ROOT pg-protocol@1.15.0 OK for: pg@8.22.0 want: ^1.15.0
1444 silly placeDep ROOT pg-types@2.2.0 OK for: pg@8.22.0 want: 2.2.0
1445 silly placeDep ROOT pgpass@1.0.5 OK for: pg@8.22.0 want: 1.0.5
1446 silly fetch manifest pg-int8@1.0.1
1447 silly packumentCache full:https://registry.npmjs.org/pg-int8 cache-miss
1448 silly fetch manifest postgres-date@~1.0.4
1449 silly packumentCache full:https://registry.npmjs.org/postgres-date cache-miss
1450 silly fetch manifest postgres-array@~2.0.0
1451 silly packumentCache full:https://registry.npmjs.org/postgres-array cache-miss
1452 silly fetch manifest postgres-bytea@~1.0.0
1453 silly packumentCache full:https://registry.npmjs.org/postgres-bytea cache-miss
1454 silly fetch manifest postgres-interval@^1.1.0
1455 silly packumentCache full:https://registry.npmjs.org/postgres-interval cache-miss
1456 silly fetch manifest split2@^4.1.0
1457 silly packumentCache full:https://registry.npmjs.org/split2 cache-miss
1458 http fetch GET 200 https://registry.npmjs.org/postgres-date 4ms (cache hit)
1459 silly packumentCache full:https://registry.npmjs.org/postgres-date set size:27126 disposed:false
1460 http fetch GET 200 https://registry.npmjs.org/split2 3ms (cache hit)
1461 silly packumentCache full:https://registry.npmjs.org/split2 set size:47438 disposed:false
1462 http fetch GET 200 https://registry.npmjs.org/pg-int8 5ms (cache hit)
1463 silly packumentCache full:https://registry.npmjs.org/pg-int8 set size:3652 disposed:false
1464 http fetch GET 200 https://registry.npmjs.org/postgres-bytea 5ms (cache hit)
1465 silly packumentCache full:https://registry.npmjs.org/postgres-bytea set size:8854 disposed:false
1466 http fetch GET 200 https://registry.npmjs.org/postgres-interval 5ms (cache hit)
1467 silly packumentCache full:https://registry.npmjs.org/postgres-interval set size:33033 disposed:false
1468 http fetch GET 200 https://registry.npmjs.org/postgres-array 6ms (cache hit)
1469 silly packumentCache full:https://registry.npmjs.org/postgres-array set size:21967 disposed:false
1470 silly placeDep ROOT pg-int8@1.0.1 OK for: pg-types@2.2.0 want: 1.0.1
1471 silly placeDep ROOT postgres-array@2.0.0 OK for: pg-types@2.2.0 want: ~2.0.0
1472 silly placeDep ROOT postgres-bytea@1.0.1 OK for: pg-types@2.2.0 want: ~1.0.0
1473 silly placeDep ROOT postgres-date@1.0.7 OK for: pg-types@2.2.0 want: ~1.0.4
1474 silly placeDep ROOT postgres-interval@1.2.0 OK for: pg-types@2.2.0 want: ^1.1.0
1475 silly fetch manifest xtend@^4.0.0
1476 silly packumentCache full:https://registry.npmjs.org/xtend cache-miss
1477 http fetch GET 200 https://registry.npmjs.org/xtend 2ms (cache hit)
1478 silly packumentCache full:https://registry.npmjs.org/xtend set size:28314 disposed:false
1479 silly placeDep ROOT split2@4.2.0 OK for: pgpass@1.0.5 want: ^4.1.0
1480 silly placeDep ROOT xtend@4.0.2 OK for: postgres-interval@1.2.0 want: ^4.0.0
1481 silly placeDep node_modules/proxy-agent agent-base@7.1.4 OK for: proxy-agent@6.5.0 want: ^7.1.2
1482 silly placeDep node_modules/proxy-agent http-proxy-agent@7.0.2 OK for: proxy-agent@6.5.0 want: ^7.0.1
1483 silly placeDep node_modules/proxy-agent https-proxy-agent@7.0.6 OK for: proxy-agent@6.5.0 want: ^7.0.6
1484 silly placeDep node_modules/proxy-agent lru-cache@7.18.3 OK for: proxy-agent@6.5.0 want: ^7.14.1
1485 silly placeDep ROOT pac-proxy-agent@7.2.0 OK for: proxy-agent@6.5.0 want: ^7.1.0
1486 silly placeDep ROOT proxy-from-env@1.1.0 OK for: proxy-agent@6.5.0 want: ^1.1.0
1487 silly placeDep node_modules/proxy-agent socks-proxy-agent@8.0.5 OK for: proxy-agent@6.5.0 want: ^8.0.5
1488 silly fetch manifest get-uri@^6.0.1
1489 silly packumentCache full:https://registry.npmjs.org/get-uri cache-miss
1490 silly fetch manifest pac-resolver@^7.0.1
1491 silly packumentCache full:https://registry.npmjs.org/pac-resolver cache-miss
1492 silly fetch manifest http-proxy-agent@^7.0.0
1493 silly packumentCache full:https://registry.npmjs.org/http-proxy-agent cache-hit
1494 silly fetch manifest @tootallnate/quickjs-emscripten@^0.23.0
1495 silly packumentCache full:https://registry.npmjs.org/@tootallnate%2fquickjs-emscripten cache-miss
1496 http fetch GET 200 https://registry.npmjs.org/pac-resolver 3ms (cache hit)
1497 silly packumentCache full:https://registry.npmjs.org/pac-resolver set size:61269 disposed:false
1498 http fetch GET 200 https://registry.npmjs.org/get-uri 4ms (cache hit)
1499 silly packumentCache full:https://registry.npmjs.org/get-uri set size:64835 disposed:false
1500 http fetch GET 200 https://registry.npmjs.org/@tootallnate%2fquickjs-emscripten 4ms (cache hit)
1501 silly packumentCache full:https://registry.npmjs.org/@tootallnate%2fquickjs-emscripten set size:27622 disposed:false
1502 silly placeDep ROOT @tootallnate/quickjs-emscripten@0.23.0 OK for: pac-proxy-agent@7.2.0 want: ^0.23.0
1503 silly placeDep node_modules/pac-proxy-agent agent-base@7.1.4 OK for: pac-proxy-agent@7.2.0 want: ^7.1.2
1504 silly placeDep ROOT get-uri@6.0.5 OK for: pac-proxy-agent@7.2.0 want: ^6.0.1
1505 silly placeDep node_modules/pac-proxy-agent http-proxy-agent@7.0.2 OK for: pac-proxy-agent@7.2.0 want: ^7.0.0
1506 silly placeDep node_modules/pac-proxy-agent https-proxy-agent@7.0.6 OK for: pac-proxy-agent@7.2.0 want: ^7.0.6
1507 silly placeDep ROOT pac-resolver@7.0.1 OK for: pac-proxy-agent@7.2.0 want: ^7.0.1
1508 silly placeDep node_modules/pac-proxy-agent socks-proxy-agent@8.0.5 OK for: pac-proxy-agent@7.2.0 want: ^8.0.5
1509 silly fetch manifest basic-ftp@^5.0.2
1510 silly packumentCache full:https://registry.npmjs.org/basic-ftp cache-miss
1511 silly fetch manifest data-uri-to-buffer@^6.0.2
1512 silly packumentCache full:https://registry.npmjs.org/data-uri-to-buffer cache-hit
1513 silly fetch manifest netmask@^2.0.2
1514 silly packumentCache full:https://registry.npmjs.org/netmask cache-miss
1515 silly fetch manifest degenerator@^5.0.0
1516 silly packumentCache full:https://registry.npmjs.org/degenerator cache-miss
1517 http fetch GET 200 https://registry.npmjs.org/degenerator 2ms (cache hit)
1518 silly packumentCache full:https://registry.npmjs.org/degenerator set size:77133 disposed:false
1519 http fetch GET 200 https://registry.npmjs.org/netmask 3ms (cache hit)
1520 silly packumentCache full:https://registry.npmjs.org/netmask set size:25703 disposed:false
1521 http fetch GET 200 https://registry.npmjs.org/basic-ftp 3ms (cache hit)
1522 silly packumentCache full:https://registry.npmjs.org/basic-ftp set size:305048 disposed:false
1523 silly placeDep ROOT basic-ftp@5.3.1 OK for: get-uri@6.0.5 want: ^5.0.2
1524 silly placeDep ROOT data-uri-to-buffer@6.0.2 OK for: get-uri@6.0.5 want: ^6.0.2
1525 silly placeDep ROOT degenerator@5.0.1 OK for: pac-resolver@7.0.1 want: ^5.0.0
1526 silly placeDep ROOT netmask@2.1.1 OK for: pac-resolver@7.0.1 want: ^2.0.2
1527 silly fetch manifest ast-types@^0.13.4
1528 silly packumentCache full:https://registry.npmjs.org/ast-types cache-miss
1529 http fetch GET 200 https://registry.npmjs.org/ast-types 1ms (cache hit)
1530 silly packumentCache full:https://registry.npmjs.org/ast-types set size:443020 disposed:false
1531 silly placeDep ROOT ast-types@0.13.4 OK for: degenerator@5.0.1 want: ^0.13.4
1532 silly placeDep node_modules/readdir-glob minimatch@5.1.9 OK for: readdir-glob@1.1.3 want: ^5.1.0
1533 silly fetch manifest brace-expansion@^2.0.1
1534 silly packumentCache full:https://registry.npmjs.org/brace-expansion cache-miss
1535 http fetch GET 200 https://registry.npmjs.org/brace-expansion 1ms (cache hit)
1536 silly packumentCache full:https://registry.npmjs.org/brace-expansion set size:101024 disposed:false
1537 silly placeDep ROOT teeny-request@10.1.4 OK for: retry-request@8.0.4 want: ^10.0.0
1538 silly fetch manifest stream-events@^1.0.5
1539 silly packumentCache full:https://registry.npmjs.org/stream-events cache-miss
1540 http fetch GET 200 https://registry.npmjs.org/stream-events 2ms (cache hit)
1541 silly packumentCache full:https://registry.npmjs.org/stream-events set size:12460 disposed:false
1542 silly placeDep ROOT unicode-emoji-modifier-base@1.0.0 OK for: skin-tone@2.0.0 want: ^1.0.0
1543 silly placeDep node_modules/sql-formatter argparse@2.0.1 OK for: sql-formatter@15.8.2 want: ^2.0.1
1544 silly placeDep ROOT nearley@2.20.1 OK for: sql-formatter@15.8.2 want: ^2.20.1
1545 silly fetch manifest moo@^0.5.0
1546 silly packumentCache full:https://registry.npmjs.org/moo cache-miss
1547 silly fetch manifest railroad-diagrams@^1.0.0
1548 silly packumentCache full:https://registry.npmjs.org/railroad-diagrams cache-miss
1549 silly fetch manifest randexp@0.4.6
1550 silly packumentCache full:https://registry.npmjs.org/randexp cache-miss
1551 http fetch GET 200 https://registry.npmjs.org/moo 2ms (cache hit)
1552 silly packumentCache full:https://registry.npmjs.org/moo set size:41090 disposed:false
1553 http fetch GET 200 https://registry.npmjs.org/randexp 3ms (cache hit)
1554 silly packumentCache full:https://registry.npmjs.org/randexp set size:39459 disposed:false
1555 http fetch GET 200 https://registry.npmjs.org/railroad-diagrams 3ms (cache hit)
1556 silly packumentCache full:https://registry.npmjs.org/railroad-diagrams set size:8398 disposed:false
1557 silly placeDep ROOT moo@0.5.3 OK for: nearley@2.20.1 want: ^0.5.0
1558 silly placeDep ROOT railroad-diagrams@1.0.0 OK for: nearley@2.20.1 want: ^1.0.0
1559 silly placeDep ROOT randexp@0.4.6 OK for: nearley@2.20.1 want: 0.4.6
1560 silly fetch manifest discontinuous-range@1.0.0
1561 silly packumentCache full:https://registry.npmjs.org/discontinuous-range cache-miss
1562 silly fetch manifest ret@~0.1.10
1563 silly packumentCache full:https://registry.npmjs.org/ret cache-miss
1564 http fetch GET 200 https://registry.npmjs.org/discontinuous-range 2ms (cache hit)
1565 silly packumentCache full:https://registry.npmjs.org/discontinuous-range set size:7648 disposed:false
1566 http fetch GET 200 https://registry.npmjs.org/ret 1ms (cache hit)
1567 silly packumentCache full:https://registry.npmjs.org/ret set size:59258 disposed:false
1568 silly placeDep ROOT discontinuous-range@1.0.0 OK for: randexp@0.4.6 want: 1.0.0
1569 silly placeDep ROOT ret@0.1.15 OK for: randexp@0.4.6 want: ~0.1.10
1570 silly placeDep ROOT basic-auth-connect@1.1.0 OK for: superstatic@10.0.0 want: ^1.1.0
1571 silly placeDep node_modules/superstatic commander@10.0.1 OK for: superstatic@10.0.0 want: ^10.0.0
1572 silly placeDep ROOT glob-slasher@1.0.1 OK for: superstatic@10.0.0 want: ^1.0.1
1573 silly placeDep ROOT is-url@1.2.4 OK for: superstatic@10.0.0 want: ^1.2.2
1574 silly placeDep ROOT join-path@1.1.1 OK for: superstatic@10.0.0 want: ^1.1.1
1575 silly placeDep node_modules/superstatic minimatch@6.2.3 OK for: superstatic@10.0.0 want: ^6.1.6
1576 silly placeDep node_modules/superstatic path-to-regexp@1.9.0 OK for: superstatic@10.0.0 want: ^1.9.0
1577 silly placeDep ROOT re2@1.24.0 OK for: superstatic@10.0.0 want: ^1.17.7
1578 silly placeDep ROOT router@2.2.0 OK for: superstatic@10.0.0 want: ^2.0.0
1579 silly fetch manifest tsscmp@^1.0.6
1580 silly packumentCache full:https://registry.npmjs.org/tsscmp cache-miss
1581 silly fetch manifest glob-slash@^1.0.0
1582 silly packumentCache full:https://registry.npmjs.org/glob-slash cache-miss
1583 silly fetch manifest lodash.isobject@^2.4.1
1584 silly packumentCache full:https://registry.npmjs.org/lodash.isobject cache-miss
1585 silly fetch manifest toxic@^1.0.0
1586 silly packumentCache full:https://registry.npmjs.org/toxic cache-miss
1587 silly fetch manifest as-array@^2.0.0
1588 silly packumentCache full:https://registry.npmjs.org/as-array cache-miss
1589 silly fetch manifest valid-url@^1
1590 silly packumentCache full:https://registry.npmjs.org/valid-url cache-miss
1591 silly fetch manifest url-join@0.0.1
1592 silly packumentCache full:https://registry.npmjs.org/url-join cache-miss
1593 silly fetch manifest isarray@0.0.1
1594 silly packumentCache full:https://registry.npmjs.org/isarray cache-miss
1595 silly fetch manifest nan@^2.26.2
1596 silly packumentCache full:https://registry.npmjs.org/nan cache-miss
1597 silly fetch manifest node-gyp@^12.2.0
1598 silly packumentCache full:https://registry.npmjs.org/node-gyp cache-miss
1599 silly fetch manifest install-artifact-from-github@^1.4.0
1600 silly packumentCache full:https://registry.npmjs.org/install-artifact-from-github cache-miss
1601 http fetch GET 200 https://registry.npmjs.org/toxic 7ms (cache hit)
1602 silly packumentCache full:https://registry.npmjs.org/toxic set size:5327 disposed:false
1603 silly fetch manifest is-promise@^4.0.0
1604 silly packumentCache full:https://registry.npmjs.org/is-promise cache-miss
1605 http fetch GET 200 https://registry.npmjs.org/tsscmp 9ms (cache hit)
1606 silly packumentCache full:https://registry.npmjs.org/tsscmp set size:13313 disposed:false
1607 silly fetch manifest path-to-regexp@^8.0.0
1608 silly packumentCache full:https://registry.npmjs.org/path-to-regexp cache-hit
1609 http fetch GET 200 https://registry.npmjs.org/as-array 8ms (cache hit)
1610 silly packumentCache full:https://registry.npmjs.org/as-array set size:7293 disposed:false
1611 http fetch GET 200 https://registry.npmjs.org/nan 8ms (cache hit)
1612 silly packumentCache full:https://registry.npmjs.org/nan set size:245791 disposed:false
1613 http fetch GET 200 https://registry.npmjs.org/url-join 10ms (cache hit)
1614 silly packumentCache full:https://registry.npmjs.org/url-join set size:22958 disposed:false
1615 http fetch GET 200 https://registry.npmjs.org/lodash.isobject 10ms (cache hit)
1616 silly packumentCache full:https://registry.npmjs.org/lodash.isobject set size:20426 disposed:false
1617 http fetch GET 200 https://registry.npmjs.org/glob-slash 12ms (cache hit)
1618 silly packumentCache full:https://registry.npmjs.org/glob-slash set size:2455 disposed:false
1619 http fetch GET 200 https://registry.npmjs.org/node-gyp 10ms (cache hit)
1620 silly packumentCache full:https://registry.npmjs.org/node-gyp set size:325455 disposed:false
1621 http fetch GET 200 https://registry.npmjs.org/valid-url 13ms (cache hit)
1622 silly packumentCache full:https://registry.npmjs.org/valid-url set size:40090 disposed:false
1623 http fetch GET 200 https://registry.npmjs.org/install-artifact-from-github 11ms (cache hit)
1624 silly packumentCache full:https://registry.npmjs.org/install-artifact-from-github set size:51277 disposed:false
1625 http fetch GET 200 https://registry.npmjs.org/isarray 12ms (cache hit)
1626 silly packumentCache full:https://registry.npmjs.org/isarray set size:17392 disposed:false
1627 http fetch GET 200 https://registry.npmjs.org/is-promise 6ms (cache hit)
1628 silly packumentCache full:https://registry.npmjs.org/is-promise set size:18599 disposed:false
1629 silly placeDep ROOT tsscmp@1.0.6 OK for: basic-auth-connect@1.1.0 want: ^1.0.6
1630 silly placeDep ROOT glob-slash@1.0.0 OK for: glob-slasher@1.0.1 want: ^1.0.0
1631 silly placeDep ROOT lodash.isobject@2.4.1 OK for: glob-slasher@1.0.1 want: ^2.4.1
1632 silly placeDep ROOT toxic@1.0.1 OK for: glob-slasher@1.0.1 want: ^1.0.0
1633 silly fetch manifest lodash._objecttypes@~2.4.1
1634 silly packumentCache full:https://registry.npmjs.org/lodash._objecttypes cache-miss
1635 http fetch GET 200 https://registry.npmjs.org/lodash._objecttypes 2ms (cache hit)
1636 silly packumentCache full:https://registry.npmjs.org/lodash._objecttypes set size:14259 disposed:false
1637 silly placeDep ROOT as-array@2.0.0 OK for: join-path@1.1.1 want: ^2.0.0
1638 silly placeDep ROOT url-join@0.0.1 OK for: join-path@1.1.1 want: 0.0.1
1639 silly placeDep ROOT valid-url@1.0.9 OK for: join-path@1.1.1 want: ^1
1640 silly placeDep ROOT lodash._objecttypes@2.4.1 OK for: lodash.isobject@2.4.1 want: ~2.4.1
1641 silly placeDep ROOT install-artifact-from-github@1.7.0 OK for: re2@1.24.0 want: ^1.4.0
1642 silly placeDep ROOT nan@2.28.0 OK for: re2@1.24.0 want: ^2.26.2
1643 silly placeDep node_modules/re2 node-gyp@12.4.0 OK for: re2@1.24.0 want: ^12.2.0
1644 silly fetch manifest tar@^7.5.4
1645 silly packumentCache full:https://registry.npmjs.org/tar cache-hit
1646 silly fetch manifest nopt@^9.0.0
1647 silly packumentCache full:https://registry.npmjs.org/nopt cache-miss
1648 silly fetch manifest which@^6.0.0
1649 silly packumentCache full:https://registry.npmjs.org/which cache-miss
1650 silly fetch manifest proc-log@^6.0.0
1651 silly packumentCache full:https://registry.npmjs.org/proc-log cache-miss
1652 silly fetch manifest tinyglobby@^0.2.12
1653 silly packumentCache full:https://registry.npmjs.org/tinyglobby cache-miss
1654 http fetch GET 200 https://registry.npmjs.org/nopt 3ms (cache hit)
1655 silly packumentCache full:https://registry.npmjs.org/nopt set size:76679 disposed:false
1656 http fetch GET 200 https://registry.npmjs.org/which 3ms (cache hit)
1657 silly packumentCache full:https://registry.npmjs.org/which set size:70087 disposed:false
1658 http fetch GET 200 https://registry.npmjs.org/tinyglobby 3ms (cache hit)
1659 silly packumentCache full:https://registry.npmjs.org/tinyglobby set size:54291 disposed:false
1660 http fetch GET 200 https://registry.npmjs.org/proc-log 4ms (cache hit)
1661 silly packumentCache full:https://registry.npmjs.org/proc-log set size:35796 disposed:false
1662 silly placeDep ROOT is-promise@4.0.0 OK for: router@2.2.0 want: ^4.0.0
1663 silly placeDep node_modules/router path-to-regexp@8.4.2 OK for: router@2.2.0 want: ^8.0.0
1664 silly placeDep ROOT b4a@1.8.1 OK for: tar-stream@3.2.0 want: ^1.6.4
1665 silly placeDep ROOT bare-fs@4.8.0 OK for: tar-stream@3.2.0 want: ^4.5.5
1666 silly placeDep ROOT fast-fifo@1.3.2 OK for: tar-stream@3.2.0 want: ^1.2.0
1667 silly placeDep ROOT streamx@2.28.0 OK for: tar-stream@3.2.0 want: ^2.15.0
1668 silly fetch manifest bare-url@^2.2.2
1669 silly packumentCache full:https://registry.npmjs.org/bare-url cache-miss
1670 silly fetch manifest bare-path@^3.0.0
1671 silly packumentCache full:https://registry.npmjs.org/bare-path cache-miss
1672 silly fetch manifest fast-fifo@^1.3.2
1673 silly packumentCache full:https://registry.npmjs.org/fast-fifo cache-hit
1674 silly fetch manifest bare-events@^2.5.4
1675 silly packumentCache full:https://registry.npmjs.org/bare-events cache-miss
1676 silly fetch manifest bare-stream@^2.6.4
1677 silly packumentCache full:https://registry.npmjs.org/bare-stream cache-miss
1678 silly fetch manifest events-universal@^1.0.0
1679 silly packumentCache full:https://registry.npmjs.org/events-universal cache-miss
1680 silly fetch manifest text-decoder@^1.1.0
1681 silly packumentCache full:https://registry.npmjs.org/text-decoder cache-miss
1682 http fetch GET 200 https://registry.npmjs.org/bare-path 5ms (cache hit)
1683 silly packumentCache full:https://registry.npmjs.org/bare-path set size:23396 disposed:false
1684 http fetch GET 200 https://registry.npmjs.org/bare-stream 6ms (cache hit)
1685 silly packumentCache full:https://registry.npmjs.org/bare-stream set size:79215 disposed:false
1686 http fetch GET 200 https://registry.npmjs.org/bare-url 8ms (cache hit)
1687 silly packumentCache full:https://registry.npmjs.org/bare-url set size:113718 disposed:false
1688 http fetch GET 200 https://registry.npmjs.org/bare-events 8ms (cache hit)
1689 silly packumentCache full:https://registry.npmjs.org/bare-events set size:51893 disposed:false
1690 http fetch GET 200 https://registry.npmjs.org/text-decoder 8ms (cache hit)
1691 silly packumentCache full:https://registry.npmjs.org/text-decoder set size:22264 disposed:false
1692 http fetch GET 200 https://registry.npmjs.org/events-universal 9ms (cache hit)
1693 silly packumentCache full:https://registry.npmjs.org/events-universal set size:4251 disposed:false
1694 silly placeDep ROOT bare-events@2.9.1 OK for: bare-fs@4.8.0 want: ^2.5.4
1695 silly placeDep ROOT bare-path@3.1.1 OK for: bare-fs@4.8.0 want: ^3.0.0
1696 silly placeDep ROOT bare-stream@2.13.3 OK for: bare-fs@4.8.0 want: ^2.6.4
1697 silly placeDep ROOT bare-url@2.5.1 OK for: bare-fs@4.8.0 want: ^2.2.2
1698 silly fetch manifest teex@^1.0.1
1699 silly packumentCache full:https://registry.npmjs.org/teex cache-miss
1700 http fetch GET 200 https://registry.npmjs.org/teex 2ms (cache hit)
1701 silly packumentCache full:https://registry.npmjs.org/teex set size:5952 disposed:false
1702 silly placeDep ROOT teex@1.0.1 OK for: bare-stream@2.13.3 want: ^1.0.1
1703 silly placeDep ROOT events-universal@1.0.1 OK for: streamx@2.28.0 want: ^1.0.0
1704 silly placeDep ROOT text-decoder@1.2.7 OK for: streamx@2.28.0 want: ^1.1.0
1705 silly placeDep node_modules/tcp-port-used debug@4.3.1 OK for: tcp-port-used@1.0.3 want: 4.3.1
1706 silly placeDep ROOT is2@2.0.1 OK for: tcp-port-used@1.0.3 want: 2.0.1
1707 silly fetch manifest ms@2.1.2
1708 silly packumentCache full:https://registry.npmjs.org/ms cache-hit
1709 silly fetch manifest deep-is@^0.1.3
1710 silly packumentCache full:https://registry.npmjs.org/deep-is cache-miss
1711 silly fetch manifest ip-regex@^2.1.0
1712 silly packumentCache full:https://registry.npmjs.org/ip-regex cache-miss
1713 http fetch GET 200 https://registry.npmjs.org/ip-regex 2ms (cache hit)
1714 silly packumentCache full:https://registry.npmjs.org/ip-regex set size:26433 disposed:false
1715 http fetch GET 200 https://registry.npmjs.org/deep-is 2ms (cache hit)
1716 silly packumentCache full:https://registry.npmjs.org/deep-is set size:10205 disposed:false
1717 silly placeDep ROOT deep-is@0.1.4 OK for: is2@2.0.1 want: ^0.1.3
1718 silly placeDep ROOT ip-regex@2.1.0 OK for: is2@2.0.1 want: ^2.1.0
1719 silly placeDep node_modules/teeny-request http-proxy-agent@7.0.2 OK for: teeny-request@10.1.4 want: ^7.0.0
1720 silly placeDep node_modules/teeny-request https-proxy-agent@7.0.6 OK for: teeny-request@10.1.4 want: ^7.0.1
1721 silly placeDep node_modules/teeny-request node-fetch@3.3.2 OK for: teeny-request@10.1.4 want: ^3.3.2
1722 silly placeDep ROOT stream-events@1.0.5 OK for: teeny-request@10.1.4 want: ^1.0.5
1723 silly fetch manifest agent-base@^7.1.0
1724 silly packumentCache full:https://registry.npmjs.org/agent-base cache-hit
1725 silly fetch manifest stubs@^3.0.0
1726 silly packumentCache full:https://registry.npmjs.org/stubs cache-miss
1727 http fetch GET 200 https://registry.npmjs.org/stubs 2ms (cache hit)
1728 silly packumentCache full:https://registry.npmjs.org/stubs set size:9388 disposed:false
1729 silly placeDep ROOT stubs@3.0.0 OK for: stream-events@1.0.5 want: ^3.0.0
1730 silly placeDep ROOT thenify@3.3.1 OK for: thenify-all@1.6.0 want: >= 3.1.0 < 4
1731 silly placeDep ROOT crypto-random-string@2.0.0 OK for: unique-string@2.0.0 want: ^2.0.0
1732 silly placeDep ROOT boxen@5.1.2 OK for: update-notifier-cjs@5.1.7 want: ^5.0.0
1733 silly placeDep ROOT has-yarn@2.1.0 OK for: update-notifier-cjs@5.1.7 want: ^2.1.0
1734 silly placeDep ROOT import-lazy@2.1.0 OK for: update-notifier-cjs@5.1.7 want: ^2.1.0
1735 silly placeDep ROOT is-ci@2.0.0 OK for: update-notifier-cjs@5.1.7 want: ^2.0.0
1736 silly placeDep ROOT is-installed-globally@0.4.0 OK for: update-notifier-cjs@5.1.7 want: ^0.4.0
1737 silly placeDep ROOT is-npm@5.0.0 OK for: update-notifier-cjs@5.1.7 want: ^5.0.0
1738 silly placeDep ROOT is-yarn-global@0.3.0 OK for: update-notifier-cjs@5.1.7 want: ^0.3.0
1739 silly placeDep ROOT isomorphic-fetch@3.0.0 OK for: update-notifier-cjs@5.1.7 want: ^3.0.0
1740 silly placeDep ROOT pupa@2.1.1 OK for: update-notifier-cjs@5.1.7 want: ^2.1.1
1741 silly placeDep ROOT registry-auth-token@5.1.1 OK for: update-notifier-cjs@5.1.7 want: ^5.0.1
1742 silly placeDep ROOT registry-url@5.1.0 OK for: update-notifier-cjs@5.1.7 want: ^5.1.0
1743 silly placeDep ROOT semver-diff@3.1.1 OK for: update-notifier-cjs@5.1.7 want: ^3.1.1
1744 silly fetch manifest camelcase@^6.2.0
1745 silly packumentCache full:https://registry.npmjs.org/camelcase cache-miss
1746 silly fetch manifest cli-boxes@^2.2.1
1747 silly packumentCache full:https://registry.npmjs.org/cli-boxes cache-miss
1748 silly fetch manifest type-fest@^0.20.2
1749 silly packumentCache full:https://registry.npmjs.org/type-fest cache-miss
1750 silly fetch manifest ansi-align@^3.0.0
1751 silly packumentCache full:https://registry.npmjs.org/ansi-align cache-miss
1752 silly fetch manifest widest-line@^3.1.0
1753 silly packumentCache full:https://registry.npmjs.org/widest-line cache-miss
1754 silly fetch manifest ci-info@^2.0.0
1755 silly packumentCache full:https://registry.npmjs.org/ci-info cache-miss
1756 silly fetch manifest global-dirs@^3.0.0
1757 silly packumentCache full:https://registry.npmjs.org/global-dirs cache-miss
1758 silly fetch manifest is-path-inside@^3.0.2
1759 silly packumentCache full:https://registry.npmjs.org/is-path-inside cache-miss
1760 silly fetch manifest whatwg-fetch@^3.4.1
1761 silly packumentCache full:https://registry.npmjs.org/whatwg-fetch cache-miss
1762 silly fetch manifest escape-goat@^2.0.0
1763 silly packumentCache full:https://registry.npmjs.org/escape-goat cache-miss
1764 silly fetch manifest @pnpm/npm-conf@^3.0.2
1765 silly packumentCache full:https://registry.npmjs.org/@pnpm%2fnpm-conf cache-miss
1766 http fetch GET 200 https://registry.npmjs.org/ansi-align 5ms (cache hit)
1767 silly packumentCache full:https://registry.npmjs.org/ansi-align set size:13890 disposed:false
1768 silly fetch manifest rc@^1.2.8
1769 silly packumentCache full:https://registry.npmjs.org/rc cache-miss
1770 http fetch GET 200 https://registry.npmjs.org/cli-boxes 7ms (cache hit)
1771 silly packumentCache full:https://registry.npmjs.org/cli-boxes set size:19853 disposed:false
1772 silly fetch manifest semver@^6.3.0
1773 silly packumentCache full:https://registry.npmjs.org/semver cache-hit
1774 http fetch GET 200 https://registry.npmjs.org/ci-info 6ms (cache hit)
1775 silly packumentCache full:https://registry.npmjs.org/ci-info set size:91363 disposed:false
1776 http fetch GET 200 https://registry.npmjs.org/type-fest 7ms (cache hit)
1777 silly packumentCache full:https://registry.npmjs.org/type-fest set size:566201 disposed:false
1778 http fetch GET 200 https://registry.npmjs.org/widest-line 11ms (cache hit)
1779 silly packumentCache full:https://registry.npmjs.org/widest-line set size:23158 disposed:false
1780 http fetch GET 200 https://registry.npmjs.org/camelcase 13ms (cache hit)
1781 silly packumentCache full:https://registry.npmjs.org/camelcase set size:60255 disposed:false
1782 http fetch GET 200 https://registry.npmjs.org/global-dirs 12ms (cache hit)
1783 silly packumentCache full:https://registry.npmjs.org/global-dirs set size:24765 disposed:false
1784 http fetch GET 200 https://registry.npmjs.org/escape-goat 11ms (cache hit)
1785 silly packumentCache full:https://registry.npmjs.org/escape-goat set size:24003 disposed:false
1786 http fetch GET 200 https://registry.npmjs.org/@pnpm%2fnpm-conf 11ms (cache hit)
1787 silly packumentCache full:https://registry.npmjs.org/@pnpm%2fnpm-conf set size:55081 disposed:false
1788 http fetch GET 200 https://registry.npmjs.org/is-path-inside 12ms (cache hit)
1789 silly packumentCache full:https://registry.npmjs.org/is-path-inside set size:23585 disposed:false
1790 http fetch GET 200 https://registry.npmjs.org/whatwg-fetch 13ms (cache hit)
1791 silly packumentCache full:https://registry.npmjs.org/whatwg-fetch set size:120970 disposed:false
1792 http fetch GET 200 https://registry.npmjs.org/rc 11ms (cache hit)
1793 silly packumentCache full:https://registry.npmjs.org/rc set size:70417 disposed:false
1794 silly placeDep ROOT ansi-align@3.0.1 OK for: boxen@5.1.2 want: ^3.0.0
1795 silly placeDep node_modules/boxen camelcase@6.3.0 OK for: boxen@5.1.2 want: ^6.2.0
1796 silly placeDep ROOT cli-boxes@2.2.1 OK for: boxen@5.1.2 want: ^2.2.1
1797 silly placeDep node_modules/boxen type-fest@0.20.2 OK for: boxen@5.1.2 want: ^0.20.2
1798 silly placeDep ROOT widest-line@3.1.0 OK for: boxen@5.1.2 want: ^3.1.0
1799 silly placeDep ROOT ci-info@2.0.0 OK for: is-ci@2.0.0 want: ^2.0.0
1800 silly placeDep ROOT global-dirs@3.0.1 OK for: is-installed-globally@0.4.0 want: ^3.0.0
1801 silly placeDep ROOT is-path-inside@3.0.3 OK for: is-installed-globally@0.4.0 want: ^3.0.2
1802 silly fetch manifest ini@2.0.0
1803 silly packumentCache full:https://registry.npmjs.org/ini cache-miss
1804 http fetch GET 200 https://registry.npmjs.org/ini 1ms (cache hit)
1805 silly packumentCache full:https://registry.npmjs.org/ini set size:59124 disposed:false
1806 silly placeDep node_modules/global-dirs ini@2.0.0 OK for: global-dirs@3.0.1 want: 2.0.0
1807 silly placeDep ROOT whatwg-fetch@3.6.20 OK for: isomorphic-fetch@3.0.0 want: ^3.4.1
1808 silly placeDep ROOT escape-goat@2.1.1 OK for: pupa@2.1.1 want: ^2.0.0
1809 silly placeDep ROOT @pnpm/npm-conf@3.0.3 OK for: registry-auth-token@5.1.1 want: ^3.0.2
1810 silly fetch manifest @pnpm/config.env-replace@^1.1.0
1811 silly packumentCache full:https://registry.npmjs.org/@pnpm%2fconfig.env-replace cache-miss
1812 silly fetch manifest @pnpm/network.ca-file@^1.0.1
1813 silly packumentCache full:https://registry.npmjs.org/@pnpm%2fnetwork.ca-file cache-miss
1814 silly fetch manifest config-chain@^1.1.11
1815 silly packumentCache full:https://registry.npmjs.org/config-chain cache-miss
1816 http fetch GET 200 https://registry.npmjs.org/@pnpm%2fnetwork.ca-file 2ms (cache hit)
1817 silly packumentCache full:https://registry.npmjs.org/@pnpm%2fnetwork.ca-file set size:22408 disposed:false
1818 http fetch GET 200 https://registry.npmjs.org/@pnpm%2fconfig.env-replace 2ms (cache hit)
1819 silly packumentCache full:https://registry.npmjs.org/@pnpm%2fconfig.env-replace set size:20011 disposed:false
1820 http fetch GET 200 https://registry.npmjs.org/config-chain 3ms (cache hit)
1821 silly packumentCache full:https://registry.npmjs.org/config-chain set size:38691 disposed:false
1822 silly placeDep ROOT @pnpm/config.env-replace@1.1.0 OK for: @pnpm/npm-conf@3.0.3 want: ^1.1.0
1823 silly placeDep ROOT @pnpm/network.ca-file@1.0.2 OK for: @pnpm/npm-conf@3.0.3 want: ^1.0.1
1824 silly placeDep ROOT config-chain@1.1.13 OK for: @pnpm/npm-conf@3.0.3 want: ^1.1.11
1825 silly fetch manifest graceful-fs@4.2.10
1826 silly packumentCache full:https://registry.npmjs.org/graceful-fs cache-miss
1827 silly fetch manifest proto-list@~1.2.1
1828 silly packumentCache full:https://registry.npmjs.org/proto-list cache-miss
1829 silly fetch manifest ini@^1.3.4
1830 silly packumentCache full:https://registry.npmjs.org/ini cache-hit
1831 http fetch GET 200 https://registry.npmjs.org/proto-list 2ms (cache hit)
1832 silly packumentCache full:https://registry.npmjs.org/proto-list set size:8764 disposed:false
1833 http fetch GET 200 https://registry.npmjs.org/graceful-fs 3ms (cache hit)
1834 silly packumentCache full:https://registry.npmjs.org/graceful-fs set size:124285 disposed:false
1835 silly placeDep node_modules/@pnpm/network.ca-file graceful-fs@4.2.10 OK for: @pnpm/network.ca-file@1.0.2 want: 4.2.10
1836 silly placeDep node_modules/config-chain ini@1.3.8 OK for: config-chain@1.1.13 want: ^1.3.4
1837 silly placeDep ROOT proto-list@1.2.4 OK for: config-chain@1.1.13 want: ~1.2.1
1838 silly placeDep ROOT rc@1.2.8 OK for: registry-url@5.1.0 want: ^1.2.8
1839 silly fetch manifest ini@~1.3.0
1840 silly packumentCache full:https://registry.npmjs.org/ini cache-hit
1841 silly fetch manifest deep-extend@^0.6.0
1842 silly packumentCache full:https://registry.npmjs.org/deep-extend cache-miss
1843 silly fetch manifest strip-json-comments@~2.0.1
1844 silly packumentCache full:https://registry.npmjs.org/strip-json-comments cache-miss
1845 http fetch GET 200 https://registry.npmjs.org/deep-extend 1ms (cache hit)
1846 silly packumentCache full:https://registry.npmjs.org/deep-extend set size:34472 disposed:false
1847 http fetch GET 200 https://registry.npmjs.org/strip-json-comments 2ms (cache hit)
1848 silly packumentCache full:https://registry.npmjs.org/strip-json-comments set size:43569 disposed:false
1849 silly placeDep ROOT deep-extend@0.6.0 OK for: rc@1.2.8 want: ^0.6.0
1850 silly placeDep node_modules/rc ini@1.3.8 OK for: rc@1.2.8 want: ~1.3.0
1851 silly placeDep ROOT strip-json-comments@2.0.1 OK for: rc@1.2.8 want: ~2.0.1
1852 silly placeDep node_modules/semver-diff semver@6.3.1 OK for: semver-diff@3.1.1 want: ^6.3.0
1853 silly placeDep node_modules/winston @colors/colors@1.6.0 OK for: winston@3.19.0 want: ^1.6.0
1854 silly placeDep ROOT @dabh/diagnostics@2.0.8 OK for: winston@3.19.0 want: ^2.0.8
1855 silly placeDep ROOT logform@2.7.0 OK for: winston@3.19.0 want: ^2.7.0
1856 silly placeDep ROOT one-time@1.0.0 OK for: winston@3.19.0 want: ^1.0.0
1857 silly placeDep ROOT safe-stable-stringify@2.5.0 OK for: winston@3.19.0 want: ^2.3.1
1858 silly placeDep ROOT stack-trace@0.0.10 OK for: winston@3.19.0 want: 0.0.x
1859 silly fetch manifest @so-ric/colorspace@^1.1.6
1860 silly packumentCache full:https://registry.npmjs.org/@so-ric%2fcolorspace cache-miss
1861 silly fetch manifest enabled@2.0.x
1862 silly packumentCache full:https://registry.npmjs.org/enabled cache-miss
1863 silly fetch manifest kuler@^2.0.0
1864 silly packumentCache full:https://registry.npmjs.org/kuler cache-miss
1865 silly fetch manifest @colors/colors@1.6.0
1866 silly packumentCache full:https://registry.npmjs.org/@colors%2fcolors cache-hit
1867 silly fetch manifest @types/triple-beam@^1.3.2
1868 silly packumentCache full:https://registry.npmjs.org/@types%2ftriple-beam cache-miss
1869 silly fetch manifest fecha@^4.2.0
1870 silly packumentCache full:https://registry.npmjs.org/fecha cache-miss
1871 silly fetch manifest fn.name@1.x.x
1872 silly packumentCache full:https://registry.npmjs.org/fn.name cache-miss
1873 http fetch GET 200 https://registry.npmjs.org/@so-ric%2fcolorspace 4ms (cache hit)
1874 silly packumentCache full:https://registry.npmjs.org/@so-ric%2fcolorspace set size:7005 disposed:false
1875 http fetch GET 200 https://registry.npmjs.org/@types%2ftriple-beam 4ms (cache hit)
1876 silly packumentCache full:https://registry.npmjs.org/@types%2ftriple-beam set size:12646 disposed:false
1877 http fetch GET 200 https://registry.npmjs.org/kuler 4ms (cache hit)
1878 silly packumentCache full:https://registry.npmjs.org/kuler set size:10079 disposed:false
1879 http fetch GET 200 https://registry.npmjs.org/enabled 5ms (cache hit)
1880 silly packumentCache full:https://registry.npmjs.org/enabled set size:8263 disposed:false
1881 http fetch GET 200 https://registry.npmjs.org/fn.name 5ms (cache hit)
1882 silly packumentCache full:https://registry.npmjs.org/fn.name set size:7638 disposed:false
1883 http fetch GET 200 https://registry.npmjs.org/fecha 5ms (cache hit)
1884 silly packumentCache full:https://registry.npmjs.org/fecha set size:86768 disposed:false
1885 silly placeDep ROOT @so-ric/colorspace@1.1.6 OK for: @dabh/diagnostics@2.0.8 want: ^1.1.6
1886 silly placeDep ROOT enabled@2.0.0 OK for: @dabh/diagnostics@2.0.8 want: 2.0.x
1887 silly placeDep ROOT kuler@2.0.0 OK for: @dabh/diagnostics@2.0.8 want: ^2.0.0
1888 silly fetch manifest color@^5.0.2
1889 silly packumentCache full:https://registry.npmjs.org/color cache-miss
1890 silly fetch manifest text-hex@1.0.x
1891 silly packumentCache full:https://registry.npmjs.org/text-hex cache-miss
1892 http fetch GET 200 https://registry.npmjs.org/text-hex 2ms (cache hit)
1893 silly packumentCache full:https://registry.npmjs.org/text-hex set size:4528 disposed:false
1894 http fetch GET 200 https://registry.npmjs.org/color 7ms (cache hit)
1895 silly packumentCache full:https://registry.npmjs.org/color set size:98234 disposed:false
1896 silly placeDep ROOT color@5.0.3 OK for: @so-ric/colorspace@1.1.6 want: ^5.0.2
1897 silly placeDep ROOT text-hex@1.0.0 OK for: @so-ric/colorspace@1.1.6 want: 1.0.x
1898 silly fetch manifest color-convert@^3.1.3
1899 silly packumentCache full:https://registry.npmjs.org/color-convert cache-miss
1900 silly fetch manifest color-string@^2.1.3
1901 silly packumentCache full:https://registry.npmjs.org/color-string cache-miss
1902 http fetch GET 200 https://registry.npmjs.org/color-convert 12ms (cache hit)
1903 silly packumentCache full:https://registry.npmjs.org/color-convert set size:72663 disposed:false
1904 http fetch GET 200 https://registry.npmjs.org/color-string 16ms (cache hit)
1905 silly packumentCache full:https://registry.npmjs.org/color-string set size:84418 disposed:false
1906 silly placeDep node_modules/color color-convert@3.1.3 OK for: color@5.0.3 want: ^3.1.3
1907 silly placeDep ROOT color-string@2.1.4 OK for: color@5.0.3 want: ^2.1.3
1908 silly fetch manifest color-name@^2.0.0
1909 silly packumentCache full:https://registry.npmjs.org/color-name cache-miss
1910 silly fetch manifest color-name@^2.0.0
1911 silly packumentCache full:https://registry.npmjs.org/color-name cache-miss
1912 http fetch GET 200 https://registry.npmjs.org/color-name 2ms (cache hit)
1913 silly packumentCache full:https://registry.npmjs.org/color-name set size:20968 disposed:false
1914 http fetch GET 200 https://registry.npmjs.org/color-name 3ms (cache hit)
1915 silly packumentCache full:https://registry.npmjs.org/color-name set size:20968 disposed:false
1916 silly packumentCache full:https://registry.npmjs.org/color-name dispose
1917 silly placeDep node_modules/color-string color-name@2.1.1 OK for: color-string@2.1.4 want: ^2.0.0
1918 silly placeDep node_modules/logform @colors/colors@1.6.0 OK for: logform@2.7.0 want: 1.6.0
1919 silly placeDep ROOT @types/triple-beam@1.3.5 OK for: logform@2.7.0 want: ^1.3.2
1920 silly placeDep ROOT fecha@4.2.3 OK for: logform@2.7.0 want: ^4.2.0
1921 silly placeDep ROOT fn.name@1.1.0 OK for: one-time@1.0.0 want: 1.x.x
1922 silly placeDep ROOT is-typedarray@1.0.0 OK for: write-file-atomic@3.0.3 want: ^1.0.0
1923 silly placeDep ROOT typedarray-to-buffer@3.1.5 OK for: write-file-atomic@3.0.3 want: ^3.1.5
1924 silly placeDep ROOT compress-commons@6.0.2 OK for: zip-stream@6.0.1 want: ^6.0.2
1925 silly placeDep node_modules/zip-stream readable-stream@4.7.0 OK for: zip-stream@6.0.1 want: ^4.0.0
1926 silly fetch manifest crc-32@^1.2.0
1927 silly packumentCache full:https://registry.npmjs.org/crc-32 cache-miss
1928 silly fetch manifest crc32-stream@^6.0.0
1929 silly packumentCache full:https://registry.npmjs.org/crc32-stream cache-miss
1930 http fetch GET 200 https://registry.npmjs.org/crc32-stream 8ms (cache hit)
1931 silly packumentCache full:https://registry.npmjs.org/crc32-stream set size:49384 disposed:false
1932 http fetch GET 200 https://registry.npmjs.org/crc-32 9ms (cache hit)
1933 silly packumentCache full:https://registry.npmjs.org/crc-32 set size:32170 disposed:false
1934 silly placeDep ROOT crc-32@1.2.2 OK for: compress-commons@6.0.2 want: ^1.2.0
1935 silly placeDep ROOT crc32-stream@6.0.0 OK for: compress-commons@6.0.2 want: ^6.0.0
1936 silly placeDep node_modules/compress-commons readable-stream@4.7.0 OK for: compress-commons@6.0.2 want: ^4.0.0
1937 silly placeDep node_modules/crc32-stream readable-stream@4.7.0 OK for: crc32-stream@6.0.0 want: ^4.0.0
1938 silly placeDep node_modules/@apidevtools/json-schema-ref-parser argparse@2.0.1 OK for: js-yaml@4.3.1 want: ^2.0.1
1939 silly placeDep node_modules/@google-cloud/cloud-sql-connector https-proxy-agent@7.0.6 OK for: gaxios@7.3.0 want: ^7.0.1
1940 silly placeDep node_modules/@google-cloud/cloud-sql-connector node-fetch@3.3.2 OK for: gaxios@7.3.0 want: ^3.3.2
1941 silly placeDep node_modules/@google-cloud/cloud-sql-connector gcp-metadata@8.1.2 OK for: google-auth-library@10.9.1 want: 8.1.2
1942 silly placeDep node_modules/@google-cloud/cloud-sql-connector google-logging-utils@1.1.3 OK for: google-auth-library@10.9.1 want: 1.1.3
1943 silly placeDep node_modules/@google-cloud/cloud-sql-connector agent-base@7.1.4 OK for: https-proxy-agent@7.0.6 want: ^7.1.2
1944 silly placeDep node_modules/@google-cloud/cloud-sql-connector data-uri-to-buffer@4.0.1 OK for: node-fetch@3.3.2 want: ^4.0.0
1945 silly placeDep ROOT fetch-blob@3.2.0 OK for: node-fetch@3.3.2 want: ^3.1.4
1946 silly placeDep ROOT formdata-polyfill@4.0.10 OK for: node-fetch@3.3.2 want: ^4.0.10
1947 silly fetch manifest node-domexception@^1.0.0
1948 silly packumentCache full:https://registry.npmjs.org/node-domexception cache-miss
1949 silly fetch manifest web-streams-polyfill@^3.0.3
1950 silly packumentCache full:https://registry.npmjs.org/web-streams-polyfill cache-miss
1951 http fetch GET 200 https://registry.npmjs.org/node-domexception 2ms (cache hit)
1952 silly packumentCache full:https://registry.npmjs.org/node-domexception set size:11516 disposed:false
1953 http fetch GET 200 https://registry.npmjs.org/web-streams-polyfill 2ms (cache hit)
1954 silly packumentCache full:https://registry.npmjs.org/web-streams-polyfill set size:140806 disposed:false
1955 silly placeDep ROOT node-domexception@1.0.0 OK for: fetch-blob@3.2.0 want: ^1.0.0
1956 silly placeDep ROOT web-streams-polyfill@3.3.3 OK for: fetch-blob@3.2.0 want: ^3.0.3
1957 silly placeDep node_modules/@google-cloud/pubsub gaxios@7.3.0 OK for: google-auth-library@10.9.1 want: ^7.1.4
1958 silly placeDep node_modules/@google-cloud/pubsub gcp-metadata@8.1.2 OK for: google-auth-library@10.9.1 want: 8.1.2
1959 silly placeDep node_modules/@google-cloud/pubsub google-logging-utils@1.1.3 OK for: google-auth-library@10.9.1 want: 1.1.3
1960 silly placeDep node_modules/@google-cloud/pubsub https-proxy-agent@7.0.6 OK for: gaxios@7.3.0 want: ^7.0.1
1961 silly placeDep node_modules/@google-cloud/pubsub node-fetch@3.3.2 OK for: gaxios@7.3.0 want: ^3.3.2
1962 silly placeDep node_modules/@google-cloud/pubsub agent-base@7.1.4 OK for: https-proxy-agent@7.0.6 want: ^7.1.2
1963 silly placeDep node_modules/@google-cloud/pubsub data-uri-to-buffer@4.0.1 OK for: node-fetch@3.3.2 want: ^4.0.0
1964 silly placeDep ROOT fast-uri@3.1.5 OK for: ajv@8.20.0 want: ^3.0.1
1965 silly placeDep node_modules/@modelcontextprotocol/sdk accepts@2.0.0 OK for: express@5.2.1 want: ^2.0.0
1966 silly placeDep node_modules/@modelcontextprotocol/sdk body-parser@2.3.0 OK for: express@5.2.1 want: ^2.2.1
1967 silly placeDep node_modules/@modelcontextprotocol/sdk content-disposition@1.1.0 OK for: express@5.2.1 want: ^1.0.0
1968 silly placeDep node_modules/@modelcontextprotocol/sdk cookie-signature@1.2.2 OK for: express@5.2.1 want: ^1.2.1
1969 silly placeDep node_modules/@modelcontextprotocol/sdk encodeurl@2.0.0 OK for: express@5.2.1 want: ^2.0.0
1970 silly placeDep node_modules/@modelcontextprotocol/sdk finalhandler@2.1.1 OK for: express@5.2.1 want: ^2.1.0
1971 silly placeDep node_modules/@modelcontextprotocol/sdk fresh@2.0.0 OK for: express@5.2.1 want: ^2.0.0
1972 silly placeDep node_modules/@modelcontextprotocol/sdk merge-descriptors@2.0.0 OK for: express@5.2.1 want: ^2.0.0
1973 silly placeDep node_modules/@modelcontextprotocol/sdk mime-types@3.0.2 OK for: express@5.2.1 want: ^3.0.0
1974 silly placeDep node_modules/@modelcontextprotocol/sdk send@1.2.1 OK for: express@5.2.1 want: ^1.1.0
1975 silly placeDep node_modules/@modelcontextprotocol/sdk serve-static@2.2.1 OK for: express@5.2.1 want: ^2.2.0
1976 silly placeDep node_modules/@modelcontextprotocol/sdk statuses@2.0.2 OK for: express@5.2.1 want: ^2.0.1
1977 silly placeDep node_modules/@modelcontextprotocol/sdk type-is@2.1.0 OK for: express@5.2.1 want: ^2.0.1
1978 silly fetch manifest negotiator@^1.0.0
1979 silly packumentCache full:https://registry.npmjs.org/negotiator cache-miss
1980 silly fetch manifest type-is@^2.1.0
1981 silly packumentCache full:https://registry.npmjs.org/type-is cache-hit
1982 silly fetch manifest iconv-lite@^0.7.2
1983 silly packumentCache full:https://registry.npmjs.org/iconv-lite cache-hit
1984 silly fetch manifest content-type@^2.0.0
1985 silly packumentCache full:https://registry.npmjs.org/content-type cache-miss
1986 silly fetch manifest mime-db@^1.54.0
1987 silly packumentCache full:https://registry.npmjs.org/mime-db cache-miss
1988 silly fetch manifest statuses@^2.0.2
1989 silly packumentCache full:https://registry.npmjs.org/statuses cache-hit
1990 silly fetch manifest content-type@^2.0.0
1991 silly packumentCache full:https://registry.npmjs.org/content-type cache-miss
1992 silly fetch manifest media-typer@^1.1.0
1993 silly packumentCache full:https://registry.npmjs.org/media-typer cache-miss
1994 http fetch GET 200 https://registry.npmjs.org/mime-db 5ms (cache hit)
1995 silly packumentCache full:https://registry.npmjs.org/mime-db set size:164953 disposed:false
1996 http fetch GET 200 https://registry.npmjs.org/media-typer 4ms (cache hit)
1997 silly packumentCache full:https://registry.npmjs.org/media-typer set size:22074 disposed:false
1998 http fetch GET 200 https://registry.npmjs.org/content-type 4ms (cache hit)
1999 silly packumentCache full:https://registry.npmjs.org/content-type set size:18994 disposed:false
2000 http fetch GET 200 https://registry.npmjs.org/content-type 6ms (cache hit)
2001 silly packumentCache full:https://registry.npmjs.org/content-type set size:18994 disposed:false
2002 silly packumentCache full:https://registry.npmjs.org/content-type dispose
2003 http fetch GET 200 https://registry.npmjs.org/negotiator 6ms (cache hit)
2004 silly packumentCache full:https://registry.npmjs.org/negotiator set size:48046 disposed:false
2005 silly placeDep node_modules/@modelcontextprotocol/sdk negotiator@1.0.0 OK for: accepts@2.0.0 want: ^1.0.0
2006 silly placeDep node_modules/@modelcontextprotocol/sdk/node_modules/body-parser content-type@2.0.0 OK for: body-parser@2.3.0 want: ^2.0.0
2007 silly placeDep node_modules/@modelcontextprotocol/sdk iconv-lite@0.7.3 OK for: body-parser@2.3.0 want: ^0.7.2
2008 silly placeDep node_modules/@modelcontextprotocol/sdk mime-db@1.54.0 OK for: mime-types@3.0.2 want: ^1.54.0
2009 silly placeDep node_modules/@modelcontextprotocol/sdk/node_modules/type-is content-type@2.0.0 OK for: type-is@2.1.0 want: ^2.0.0
2010 silly placeDep node_modules/@modelcontextprotocol/sdk media-typer@1.1.1 OK for: type-is@2.1.0 want: ^1.1.0
2011 silly placeDep node_modules/archiver-utils minimatch@9.0.9 OK for: glob@10.5.0 want: ^9.0.4
2012 silly placeDep node_modules/archiver-utils minipass@7.1.3 OK for: glob@10.5.0 want: ^7.1.2
2013 silly fetch manifest brace-expansion@^2.0.2
2014 silly packumentCache full:https://registry.npmjs.org/brace-expansion cache-hit
2015 silly placeDep node_modules/archiver-utils brace-expansion@2.1.4 OK for: minimatch@9.0.9 want: ^2.0.2
2016 silly placeDep node_modules/archiver-utils buffer@6.0.3 OK for: readable-stream@4.7.0 want: ^6.0.3
2017 silly placeDep ROOT process@0.11.10 OK for: readable-stream@4.7.0 want: ^0.11.10
2018 silly placeDep node_modules/archiver buffer@6.0.3 OK for: readable-stream@4.7.0 want: ^6.0.3
2019 silly placeDep node_modules/cli-highlight cliui@7.0.4 OK for: yargs@16.2.2 want: ^7.0.2
2020 silly placeDep node_modules/cli-highlight yargs-parser@20.2.9 OK for: yargs@16.2.2 want: ^20.2.2
2021 silly placeDep node_modules/color color-name@2.1.1 OK for: color-convert@3.1.3 want: ^2.0.0
2022 silly placeDep node_modules/compress-commons buffer@6.0.3 OK for: readable-stream@4.7.0 want: ^6.0.3
2023 silly placeDep node_modules/configstore semver@6.3.1 OK for: make-dir@3.1.0 want: ^6.0.0
2024 silly placeDep node_modules/crc32-stream buffer@6.0.3 OK for: readable-stream@4.7.0 want: ^6.0.3
2025 silly placeDep node_modules/exegesis minimatch@9.0.9 OK for: glob@10.5.0 want: ^9.0.4
2026 silly placeDep node_modules/exegesis minipass@7.1.3 OK for: glob@10.5.0 want: ^7.1.2
2027 silly placeDep node_modules/exegesis brace-expansion@2.1.4 OK for: minimatch@9.0.9 want: ^2.0.2
2028 silly placeDep node_modules/firebase-tools jsonfile@6.2.1 OK for: fs-extra@10.1.0 want: ^6.0.1
2029 silly placeDep node_modules/firebase-tools universalify@2.0.1 OK for: fs-extra@10.1.0 want: ^2.0.0
2030 silly placeDep node_modules/firebase-tools/node_modules/glob minimatch@9.0.9 OK for: glob@10.5.0 want: ^9.0.4
2031 silly placeDep node_modules/firebase-tools minipass@7.1.3 OK for: glob@10.5.0 want: ^7.1.2
2032 silly placeDep node_modules/firebase-tools argparse@2.0.1 OK for: js-yaml@4.3.1 want: ^2.0.1
2033 silly placeDep node_modules/firebase-tools is-wsl@1.1.0 OK for: open@6.4.0 want: ^1.1.0
2034 silly placeDep ROOT @isaacs/fs-minipass@4.0.1 OK for: tar@7.5.22 want: ^4.0.0
2035 silly placeDep node_modules/firebase-tools chownr@3.0.0 OK for: tar@7.5.22 want: ^3.0.0
2036 silly placeDep node_modules/firebase-tools minizlib@3.1.0 OK for: tar@7.5.22 want: ^3.1.0
2037 silly placeDep node_modules/firebase-tools yallist@5.0.0 OK for: tar@7.5.22 want: ^5.0.0
2038 silly fetch manifest minipass@^7.0.4
2039 silly packumentCache full:https://registry.npmjs.org/minipass cache-hit
2040 silly placeDep node_modules/@isaacs/fs-minipass minipass@7.1.3 OK for: @isaacs/fs-minipass@4.0.1 want: ^7.0.4
2041 silly placeDep node_modules/gaxios agent-base@7.1.4 OK for: https-proxy-agent@7.0.6 want: ^7.1.2
2042 silly placeDep ROOT @js-sdsl/ordered-map@4.4.2 OK for: @grpc/grpc-js@1.14.4 want: ^4.4.2
2043 silly placeDep node_modules/google-gax gaxios@7.3.0 OK for: google-auth-library@10.5.0 want: ^7.0.0
2044 silly placeDep node_modules/google-gax gcp-metadata@8.1.4 OK for: google-auth-library@10.5.0 want: ^8.0.0
2045 silly placeDep node_modules/google-gax gtoken@8.0.0 OK for: google-auth-library@10.5.0 want: ^8.0.0
2046 silly placeDep node_modules/google-gax https-proxy-agent@7.0.6 OK for: gaxios@7.3.0 want: ^7.0.1
2047 silly placeDep node_modules/google-gax/node_modules/gcp-metadata gaxios@7.1.3 OK for: gcp-metadata@8.1.4 want: 7.1.3
2048 silly placeDep node_modules/google-gax agent-base@7.1.4 OK for: https-proxy-agent@7.0.6 want: ^7.1.2
2049 silly placeDep node_modules/google-gax data-uri-to-buffer@4.0.1 OK for: node-fetch@3.3.2 want: ^4.0.0
2050 silly placeDep node_modules/google-gax glob@10.5.0 OK for: rimraf@5.0.10 want: ^10.3.7
2051 silly placeDep node_modules/google-gax minimatch@9.0.9 OK for: glob@10.5.0 want: ^9.0.4
2052 silly placeDep node_modules/google-gax minipass@7.1.3 OK for: glob@10.5.0 want: ^7.1.2
2053 silly placeDep node_modules/google-gax brace-expansion@2.1.4 OK for: minimatch@9.0.9 want: ^2.0.2
2054 silly placeDep node_modules/googleapis-common https-proxy-agent@7.0.6 OK for: gaxios@7.1.3 want: ^7.0.1
2055 silly placeDep node_modules/googleapis-common node-fetch@3.3.2 OK for: gaxios@7.1.3 want: ^3.3.2
2056 silly placeDep node_modules/googleapis-common rimraf@5.0.10 OK for: gaxios@7.1.3 want: ^5.0.1
2057 silly placeDep node_modules/googleapis-common gcp-metadata@8.1.4 OK for: google-auth-library@10.5.0 want: ^8.0.0
2058 silly placeDep node_modules/googleapis-common gtoken@8.0.0 OK for: google-auth-library@10.5.0 want: ^8.0.0
2059 silly placeDep node_modules/googleapis-common agent-base@7.1.4 OK for: https-proxy-agent@7.0.6 want: ^7.1.2
2060 silly placeDep node_modules/googleapis-common data-uri-to-buffer@4.0.1 OK for: node-fetch@3.3.2 want: ^4.0.0
2061 silly placeDep node_modules/googleapis-common glob@10.5.0 OK for: rimraf@5.0.10 want: ^10.3.7
2062 silly placeDep node_modules/googleapis-common minimatch@9.0.9 OK for: glob@10.5.0 want: ^9.0.4
2063 silly placeDep node_modules/googleapis-common minipass@7.1.3 OK for: glob@10.5.0 want: ^7.1.2
2064 silly placeDep node_modules/googleapis-common brace-expansion@2.1.4 OK for: minimatch@9.0.9 want: ^2.0.2
2065 silly placeDep node_modules/lazystream safe-buffer@5.1.2 OK for: readable-stream@2.3.8 want: ~5.1.1
2066 silly placeDep node_modules/lazystream string_decoder@1.1.1 OK for: readable-stream@2.3.8 want: ~1.1.1
2067 silly placeDep ROOT environment@1.1.0 OK for: ansi-escapes@7.3.0 want: ^1.0.0
2068 silly placeDep node_modules/morgan ms@2.0.0 OK for: debug@2.6.9 want: 2.0.0
2069 silly placeDep node_modules/node-fetch tr46@0.0.3 OK for: whatwg-url@5.0.0 want: ~0.0.3
2070 silly placeDep node_modules/node-fetch webidl-conversions@3.0.1 OK for: whatwg-url@5.0.0 want: ^3.0.0
2071 silly placeDep node_modules/re2 nopt@9.0.0 OK for: node-gyp@12.4.0 want: ^9.0.0
2072 silly placeDep node_modules/re2 proc-log@6.1.0 OK for: node-gyp@12.4.0 want: ^6.0.0
2073 silly placeDep node_modules/re2 tar@7.5.22 OK for: node-gyp@12.4.0 want: ^7.5.4
2074 silly placeDep ROOT tinyglobby@0.2.17 OK for: node-gyp@12.4.0 want: ^0.2.12
2075 silly placeDep node_modules/re2 which@6.0.1 OK for: node-gyp@12.4.0 want: ^6.0.0
2076 silly fetch manifest abbrev@^4.0.0
2077 silly packumentCache full:https://registry.npmjs.org/abbrev cache-miss
2078 silly fetch manifest fdir@^6.5.0
2079 silly packumentCache full:https://registry.npmjs.org/fdir cache-miss
2080 silly fetch manifest picomatch@^4.0.4
2081 silly packumentCache full:https://registry.npmjs.org/picomatch cache-miss
2082 silly fetch manifest isexe@^4.0.0
2083 silly packumentCache full:https://registry.npmjs.org/isexe cache-miss
2084 http fetch GET 200 https://registry.npmjs.org/isexe 6ms (cache hit)
2085 silly packumentCache full:https://registry.npmjs.org/isexe set size:31756 disposed:false
2086 http fetch GET 200 https://registry.npmjs.org/abbrev 7ms (cache hit)
2087 silly packumentCache full:https://registry.npmjs.org/abbrev set size:24188 disposed:false
2088 http fetch GET 200 https://registry.npmjs.org/fdir 7ms (cache hit)
2089 silly packumentCache full:https://registry.npmjs.org/fdir set size:136182 disposed:false
2090 http fetch GET 200 https://registry.npmjs.org/picomatch 8ms (cache hit)
2091 silly packumentCache full:https://registry.npmjs.org/picomatch set size:128942 disposed:false
2092 silly placeDep ROOT fdir@6.5.0 OK for: tinyglobby@0.2.17 want: ^6.5.0
2093 silly placeDep node_modules/tinyglobby picomatch@4.0.5 OK for: tinyglobby@0.2.17 want: ^4.0.4
2094 silly placeDep node_modules/re2 abbrev@4.0.0 OK for: nopt@9.0.0 want: ^4.0.0
2095 silly placeDep node_modules/re2 chownr@3.0.0 OK for: tar@7.5.22 want: ^3.0.0
2096 silly placeDep node_modules/re2 minipass@7.1.3 OK for: tar@7.5.22 want: ^7.1.2
2097 silly placeDep node_modules/re2 minizlib@3.1.0 OK for: tar@7.5.22 want: ^3.1.0
2098 silly placeDep node_modules/re2 yallist@5.0.0 OK for: tar@7.5.22 want: ^5.0.0
2099 silly placeDep node_modules/re2 isexe@4.0.0 OK for: which@6.0.1 want: ^4.0.0
2100 silly placeDep node_modules/readdir-glob brace-expansion@2.1.4 OK for: minimatch@5.1.9 want: ^2.0.1
2101 silly placeDep node_modules/superstatic brace-expansion@2.1.4 OK for: minimatch@6.2.3 want: ^2.0.1
2102 silly placeDep node_modules/superstatic isarray@0.0.1 OK for: path-to-regexp@1.9.0 want: 0.0.1
2103 silly placeDep node_modules/tcp-port-used ms@2.1.2 OK for: debug@4.3.1 want: 2.1.2
2104 silly placeDep node_modules/teeny-request agent-base@7.1.4 OK for: http-proxy-agent@7.0.2 want: ^7.1.0
2105 silly placeDep node_modules/teeny-request data-uri-to-buffer@4.0.1 OK for: node-fetch@3.3.2 want: ^4.0.0
2106 silly placeDep node_modules/zip-stream buffer@6.0.3 OK for: readable-stream@4.7.0 want: ^6.0.3
2107 silly placeDep node_modules/firebase-tools brace-expansion@2.1.4 OK for: minimatch@9.0.9 want: ^2.0.2
2108 silly reify moves {}
2109 silly audit bulk request {
2109 silly audit   '@ampproject/remapping': [ '2.2.1' ],
2109 silly audit   '@angular-devkit/architect': [ '0.1602.16', '0.1601.8' ],
2109 silly audit   rxjs: [ '7.8.1', '7.8.2' ],
2109 silly audit   '@angular-devkit/build-angular': [ '16.2.16' ],
2109 silly audit   tslib: [ '2.6.1', '2.8.1' ],
2109 silly audit   '@angular-devkit/build-webpack': [ '0.1602.16' ],
2109 silly audit   '@angular-devkit/core': [ '16.2.16', '16.1.8' ],
2109 silly audit   '@angular-devkit/schematics': [ '16.1.8' ],
2109 silly audit   'magic-string': [ '0.30.0', '0.30.1' ],
2109 silly audit   '@angular/animations': [ '16.2.12' ],
2109 silly audit   '@angular/cli': [ '16.1.8' ],
2109 silly audit   'lru-cache': [ '6.0.0', '7.18.3', '5.1.1', '10.4.3' ],
2109 silly audit   semver: [ '7.5.3', '6.3.1', '5.7.2', '7.5.4' ],
2109 silly audit   yallist: [ '4.0.0', '3.1.1', '5.0.0' ],
2109 silly audit   '@angular/common': [ '16.2.12' ],
2109 silly audit   '@angular/compiler': [ '16.2.12' ],
2109 silly audit   '@angular/compiler-cli': [ '16.2.12' ],
2109 silly audit   '@babel/core': [ '7.23.2', '7.22.9' ],
2109 silly audit   'convert-source-map': [ '2.0.0', '1.9.0' ],
2109 silly audit   '@babel/generator': [ '7.29.8', '7.22.9' ],
2109 silly audit   '@babel/template': [ '7.29.7', '7.22.5' ],
2109 silly audit   jsesc: [ '3.1.0', '2.5.2' ],
2109 silly audit   '@angular/core': [ '16.2.12' ],
2109 silly audit   '@angular/forms': [ '16.2.12' ],
2109 silly audit   '@angular/platform-browser': [ '16.2.12' ],
2109 silly audit   '@angular/platform-browser-dynamic': [ '16.2.12' ],
2109 silly audit   '@angular/router': [ '16.2.12' ],
2109 silly audit   '@assemblyscript/loader': [ '0.10.1' ],
2109 silly audit   '@babel/code-frame': [ '7.29.7' ],
2109 silly audit   '@babel/compat-data': [ '7.29.7' ],
2109 silly audit   '@babel/helper-annotate-as-pure': [ '7.22.5', '7.29.7' ],
2109 silly audit   '@babel/helper-compilation-targets': [ '7.29.7' ],
2109 silly audit   '@babel/helper-create-class-features-plugin': [ '7.29.7' ],
2109 silly audit   '@babel/helper-create-regexp-features-plugin': [ '7.29.7' ],
2109 silly audit   '@babel/helper-define-polyfill-provider': [ '0.6.8', '0.4.4', '0.5.0' ],
2109 silly audit   resolve: [ '1.22.12', '1.22.2' ],
2109 silly audit   '@babel/helper-environment-visitor': [ '7.24.7' ],
2109 silly audit   '@babel/helper-globals': [ '7.29.7' ],
2109 silly audit   '@babel/helper-member-expression-to-functions': [ '7.29.7' ],
2109 silly audit   '@babel/helper-module-imports': [ '7.29.7' ],
2109 silly audit   '@babel/helper-module-transforms': [ '7.29.7' ],
2109 silly audit   '@babel/helper-optimise-call-expression': [ '7.29.7' ],
2109 silly audit   '@babel/helper-plugin-utils': [ '7.29.7' ],
2109 silly audit   '@babel/helper-remap-async-to-generator': [ '7.29.7' ],
2109 silly audit   '@babel/helper-replace-supers': [ '7.29.7' ],
2109 silly audit   '@babel/helper-skip-transparent-expression-wrappers': [ '7.29.7' ],
2109 silly audit   '@babel/helper-split-export-declaration': [ '7.22.6' ],
2109 silly audit   '@babel/helper-string-parser': [ '7.29.7' ],
2109 silly audit   '@babel/helper-validator-identifier': [ '7.29.7' ],
2109 silly audit   '@babel/helper-validator-option': [ '7.29.7' ],
2109 silly audit   '@babel/helper-wrap-function': [ '7.29.7' ],
2109 silly audit   '@babel/helpers': [ '7.29.7' ],
2109 silly audit   '@babel/parser': [ '7.29.8' ],
2109 silly audit   '@babel/plugin-bugfix-safari-id-destructuring-collision-in-function-expression': [ '7.29.7' ],
2109 silly audit   '@babel/plugin-bugfix-v8-spread-parameters-in-optional-chaining': [ '7.29.7' ],
2109 silly audit   '@babel/plugin-proposal-async-generator-functions': [ '7.20.7' ],
2109 silly audit   '@babel/plugin-proposal-private-property-in-object': [ '7.21.0-placeholder-for-preset-env.2' ],
2109 silly audit   '@babel/plugin-proposal-unicode-property-regex': [ '7.18.6' ],
2109 silly audit   '@babel/plugin-syntax-async-generators': [ '7.8.4' ],
2109 silly audit   '@babel/plugin-syntax-class-properties': [ '7.12.13' ],
2109 silly audit   '@babel/plugin-syntax-class-static-block': [ '7.14.5' ],
2109 silly audit   '@babel/plugin-syntax-dynamic-import': [ '7.8.3' ],
2109 silly audit   '@babel/plugin-syntax-export-namespace-from': [ '7.8.3' ],
2109 silly audit   '@babel/plugin-syntax-import-assertions': [ '7.29.7' ],
2109 silly audit   '@babel/plugin-syntax-import-attributes': [ '7.29.7' ],
2109 silly audit   '@babel/plugin-syntax-import-meta': [ '7.10.4' ],
2109 silly audit   '@babel/plugin-syntax-json-strings': [ '7.8.3' ],
2109 silly audit   '@babel/plugin-syntax-logical-assignment-operators': [ '7.10.4' ],
2109 silly audit   '@babel/plugin-syntax-nullish-coalescing-operator': [ '7.8.3' ],
2109 silly audit   '@babel/plugin-syntax-numeric-separator': [ '7.10.4' ],
2109 silly audit   '@babel/plugin-syntax-object-rest-spread': [ '7.8.3' ],
2109 silly audit   '@babel/plugin-syntax-optional-catch-binding': [ '7.8.3' ],
2109 silly audit   '@babel/plugin-syntax-optional-chaining': [ '7.8.3' ],
2109 silly audit   '@babel/plugin-syntax-private-property-in-object': [ '7.14.5' ],
2109 silly audit   '@babel/plugin-syntax-top-level-await': [ '7.14.5' ],
2109 silly audit   '@babel/plugin-syntax-unicode-sets-regex': [ '7.18.6' ],
2109 silly audit   '@babel/plugin-transform-arrow-functions': [ '7.29.7' ],
2109 silly audit   '@babel/plugin-transform-async-generator-functions': [ '7.29.7' ],
2109 silly audit   '@babel/plugin-transform-async-to-generator': [ '7.22.5' ],
2109 silly audit   '@babel/plugin-transform-block-scoped-functions': [ '7.29.7' ],
2109 silly audit   '@babel/plugin-transform-block-scoping': [ '7.29.7' ],
2109 silly audit   '@babel/plugin-transform-class-properties': [ '7.29.7' ],
2109 silly audit   '@babel/plugin-transform-class-static-block': [ '7.29.7' ],
2109 silly audit   '@babel/plugin-transform-classes': [ '7.29.7' ],
2109 silly audit   '@babel/plugin-transform-computed-properties': [ '7.29.7' ],
2109 silly audit   '@babel/plugin-transform-destructuring': [ '7.29.7' ],
2109 silly audit   '@babel/plugin-transform-dotall-regex': [ '7.29.7' ],
2109 silly audit   '@babel/plugin-transform-duplicate-keys': [ '7.29.7' ],
2109 silly audit   '@babel/plugin-transform-dynamic-import': [ '7.29.7' ],
2109 silly audit   '@babel/plugin-transform-exponentiation-operator': [ '7.29.7' ],
2109 silly audit   '@babel/plugin-transform-export-namespace-from': [ '7.29.7' ],
2109 silly audit   '@babel/plugin-transform-for-of': [ '7.29.7' ],
2109 silly audit   '@babel/plugin-transform-function-name': [ '7.29.7' ],
2109 silly audit   '@babel/plugin-transform-json-strings': [ '7.29.7' ],
2109 silly audit   '@babel/plugin-transform-literals': [ '7.29.7' ],
2109 silly audit   '@babel/plugin-transform-logical-assignment-operators': [ '7.29.7' ],
2109 silly audit   '@babel/plugin-transform-member-expression-literals': [ '7.29.7' ],
2109 silly audit   '@babel/plugin-transform-modules-amd': [ '7.29.7' ],
2109 silly audit   '@babel/plugin-transform-modules-commonjs': [ '7.29.7' ],
2109 silly audit   '@babel/plugin-transform-modules-systemjs': [ '7.29.8' ],
2109 silly audit   '@babel/plugin-transform-modules-umd': [ '7.29.7' ],
2109 silly audit   '@babel/plugin-transform-named-capturing-groups-regex': [ '7.29.7' ],
2109 silly audit   '@babel/plugin-transform-new-target': [ '7.29.7' ],
2109 silly audit   '@babel/plugin-transform-nullish-coalescing-operator': [ '7.29.7' ],
2109 silly audit   '@babel/plugin-transform-numeric-separator': [ '7.29.7' ],
2109 silly audit   '@babel/plugin-transform-object-rest-spread': [ '7.29.7' ],
2109 silly audit   '@babel/plugin-transform-object-super': [ '7.29.7' ],
2109 silly audit   '@babel/plugin-transform-optional-catch-binding': [ '7.29.7' ],
2109 silly audit   '@babel/plugin-transform-optional-chaining': [ '7.29.7' ],
2109 silly audit   '@babel/plugin-transform-parameters': [ '7.29.7' ],
2109 silly audit   '@babel/plugin-transform-private-methods': [ '7.29.7' ],
2109 silly audit   '@babel/plugin-transform-private-property-in-object': [ '7.29.7' ],
2109 silly audit   '@babel/plugin-transform-property-literals': [ '7.29.7' ],
2109 silly audit   '@babel/plugin-transform-regenerator': [ '7.29.8' ],
2109 silly audit   '@babel/plugin-transform-reserved-words': [ '7.29.7' ],
2109 silly audit   '@babel/plugin-transform-runtime': [ '7.22.9' ],
2109 silly audit   '@babel/plugin-transform-shorthand-properties': [ '7.29.7' ],
2109 silly audit   '@babel/plugin-transform-spread': [ '7.29.8' ],
2109 silly audit   '@babel/plugin-transform-sticky-regex': [ '7.29.7' ],
2109 silly audit   '@babel/plugin-transform-template-literals': [ '7.29.7' ],
2109 silly audit   '@babel/plugin-transform-typeof-symbol': [ '7.29.7' ],
2109 silly audit   '@babel/plugin-transform-unicode-escapes': [ '7.29.7' ],
2109 silly audit   '@babel/plugin-transform-unicode-property-regex': [ '7.29.7' ],
2109 silly audit   '@babel/plugin-transform-unicode-regex': [ '7.29.7' ],
2109 silly audit   '@babel/plugin-transform-unicode-sets-regex': [ '7.29.7' ],
2109 silly audit   '@babel/preset-env': [ '7.22.9' ],
2109 silly audit   '@babel/preset-modules': [ '0.1.6' ],
2109 silly audit   '@babel/runtime': [ '7.22.6' ],
2109 silly audit   '@babel/traverse': [ '7.29.8' ],
2109 silly audit   '@babel/types': [ '7.29.8' ],
2109 silly audit   '@colors/colors': [ '1.5.0', '1.6.0' ],
2109 silly audit   '@discoveryjs/json-ext': [ '0.5.7' ],
2109 silly audit   '@esbuild/android-arm': [ '0.18.17' ],
2109 silly audit   '@esbuild/android-arm64': [ '0.18.17' ],
2109 silly audit   '@esbuild/android-x64': [ '0.18.17' ],
2109 silly audit   '@esbuild/darwin-arm64': [ '0.18.17' ],
2109 silly audit   '@esbuild/darwin-x64': [ '0.18.17' ],
2109 silly audit   '@esbuild/freebsd-arm64': [ '0.18.17' ],
2109 silly audit   '@esbuild/freebsd-x64': [ '0.18.17' ],
2109 silly audit   '@esbuild/linux-arm': [ '0.18.17' ],
2109 silly audit   '@esbuild/linux-arm64': [ '0.18.17' ],
2109 silly audit   '@esbuild/linux-ia32': [ '0.18.17' ],
2109 silly audit   '@esbuild/linux-loong64': [ '0.18.17' ],
2109 silly audit   '@esbuild/linux-mips64el': [ '0.18.17' ],
2109 silly audit   '@esbuild/linux-ppc64': [ '0.18.17' ],
2109 silly audit   '@esbuild/linux-riscv64': [ '0.18.17' ],
2109 silly audit   '@esbuild/linux-s390x': [ '0.18.17' ],
2109 silly audit   '@esbuild/linux-x64': [ '0.18.17' ],
2109 silly audit   '@esbuild/netbsd-x64': [ '0.18.17' ],
2109 silly audit   '@esbuild/openbsd-x64': [ '0.18.17' ],
2109 silly audit   '@esbuild/sunos-x64': [ '0.18.17' ],
2109 silly audit   '@esbuild/win32-arm64': [ '0.18.17' ],
2109 silly audit   '@esbuild/win32-ia32': [ '0.18.17' ],
2109 silly audit   '@esbuild/win32-x64': [ '0.18.17' ],
2109 silly audit   '@firebase/ai': [ '2.14.0' ],
2109 silly audit   '@firebase/analytics': [ '0.10.23' ],
2109 silly audit   '@firebase/analytics-compat': [ '0.2.29' ],
2109 silly audit   '@firebase/analytics-types': [ '0.8.4' ],
2109 silly audit   '@firebase/app': [ '0.16.0' ],
2109 silly audit   '@firebase/app-check': [ '0.13.0' ],
2109 silly audit   '@firebase/app-check-compat': [ '0.4.6' ],
2109 silly audit   '@firebase/app-check-interop-types': [ '0.3.4' ],
2109 silly audit   '@firebase/app-check-types': [ '0.5.4' ],
2109 silly audit   '@firebase/app-compat': [ '0.5.16' ],
2109 silly audit   '@firebase/app-types': [ '0.9.5' ],
2109 silly audit   '@firebase/auth': [ '1.13.4' ],
2109 silly audit   '@firebase/auth-compat': [ '0.6.9' ],
2109 silly audit   '@firebase/auth-interop-types': [ '0.2.5' ],
2109 silly audit   '@firebase/auth-types': [ '0.13.1' ],
2109 silly audit   '@firebase/component': [ '0.7.4' ],
2109 silly audit   '@firebase/data-connect': [ '0.7.3' ],
2109 silly audit   '@firebase/database': [ '1.1.4' ],
2109 silly audit   '@firebase/database-compat': [ '2.1.6' ],
2109 silly audit   '@firebase/database-types': [ '1.0.21' ],
2109 silly audit   '@firebase/firestore': [ '4.17.0' ],
2109 silly audit   '@firebase/firestore-compat': [ '0.4.12' ],
2109 silly audit   '@firebase/firestore-types': [ '3.0.4' ],
2109 silly audit   '@firebase/functions': [ '0.13.6' ],
2109 silly audit   '@firebase/functions-compat': [ '0.4.6' ],
2109 silly audit   '@firebase/functions-types': [ '0.6.4' ],
2109 silly audit   '@firebase/installations': [ '0.6.23' ],
2109 silly audit   '@firebase/installations-compat': [ '0.2.23' ],
2109 silly audit   '@firebase/installations-types': [ '0.5.4' ],
2109 silly audit   '@firebase/logger': [ '0.5.1' ],
2109 silly audit   '@firebase/messaging': [ '0.13.1' ],
2109 silly audit   '@firebase/messaging-compat': [ '0.2.28' ],
2109 silly audit   '@firebase/messaging-interop-types': [ '0.2.5' ],
2109 silly audit   '@firebase/performance': [ '0.7.13' ],
2109 silly audit   '@firebase/performance-compat': [ '0.2.26' ],
2109 silly audit   '@firebase/performance-types': [ '0.2.4' ],
2109 silly audit   '@firebase/remote-config': [ '0.9.1' ],
2109 silly audit   '@firebase/remote-config-compat': [ '0.2.28' ],
2109 silly audit   '@firebase/remote-config-types': [ '0.5.1' ],
2109 silly audit   '@firebase/storage': [ '0.14.4' ],
2109 silly audit   '@firebase/storage-compat': [ '0.4.4' ],
2109 silly audit   '@firebase/storage-types': [ '0.8.4' ],
2109 silly audit   '@firebase/util': [ '1.15.2' ],
2109 silly audit   '@firebase/webchannel-wrapper': [ '1.0.6' ],
2109 silly audit   '@gar/promisify': [ '1.1.3' ],
2109 silly audit   '@grpc/grpc-js': [ '1.9.16', '1.14.4' ],
2109 silly audit   '@grpc/proto-loader': [ '0.7.15', '0.8.1' ],
2109 silly audit   '@isaacs/cliui': [ '8.0.2' ],
2109 silly audit   'ansi-regex': [ '6.2.2', '5.0.1' ],
2109 silly audit   'ansi-styles': [ '6.2.3', '4.3.0' ],
2109 silly audit   'emoji-regex': [ '9.2.2', '8.0.0' ],
2109 silly audit   'string-width': [ '5.1.2', '4.2.3' ],
2109 silly audit   'strip-ansi': [ '7.2.0', '6.0.1' ],
2109 silly audit   'wrap-ansi': [ '8.1.0', '7.0.0', '6.2.0' ],
2109 silly audit   '@istanbuljs/load-nyc-config': [ '1.1.0' ],
2109 silly audit   '@istanbuljs/schema': [ '0.1.6' ],
2109 silly audit   '@jridgewell/gen-mapping': [ '0.3.13' ],
2109 silly audit   '@jridgewell/resolve-uri': [ '3.1.2' ],
2109 silly audit   '@jridgewell/source-map': [ '0.3.11' ],
2109 silly audit   '@jridgewell/sourcemap-codec': [ '1.5.5' ],
2109 silly audit   '@jridgewell/trace-mapping': [ '0.3.31' ],
2109 silly audit   '@leichtgewicht/ip-codec': [ '2.0.5' ],
2109 silly audit   '@ngtools/webpack': [ '16.2.16' ],
2109 silly audit   '@nodelib/fs.scandir': [ '2.1.5' ],
2109 silly audit   '@nodelib/fs.stat': [ '2.0.5' ],
2109 silly audit   '@nodelib/fs.walk': [ '1.2.8' ],
2109 silly audit   '@npmcli/fs': [ '3.1.1', '2.1.2' ],
2109 silly audit   '@npmcli/git': [ '4.1.0' ],
2109 silly audit   which: [ '3.0.1', '2.0.2', '1.3.1', '6.0.1' ],
2109 silly audit   '@npmcli/installed-package-contents': [ '2.1.0' ],
2109 silly audit   '@npmcli/move-file': [ '2.0.1' ],
2109 silly audit   mkdirp: [ '1.0.4', '0.5.6' ],
2109 silly audit   '@npmcli/node-gyp': [ '3.0.0' ],
2109 silly audit   '@npmcli/promise-spawn': [ '6.0.2' ],
2109 silly audit   '@npmcli/run-script': [ '6.0.2' ],
2109 silly audit   '@pkgjs/parseargs': [ '0.11.0' ],
2109 silly audit   '@protobufjs/aspromise': [ '1.1.2' ],
2109 silly audit   '@protobufjs/base64': [ '1.1.2' ],
2109 silly audit   '@protobufjs/codegen': [ '2.0.5' ],
2109 silly audit   '@protobufjs/eventemitter': [ '1.1.1' ],
2109 silly audit   '@protobufjs/fetch': [ '1.1.1' ],
2109 silly audit   '@protobufjs/float': [ '1.0.2' ],
2109 silly audit   '@protobufjs/path': [ '1.1.2' ],
2109 silly audit   '@protobufjs/pool': [ '1.1.0' ],
2109 silly audit   '@protobufjs/utf8': [ '1.1.2' ],
2109 silly audit   '@schematics/angular': [ '16.1.8' ],
2109 silly audit   '@sigstore/bundle': [ '1.1.0' ],
2109 silly audit   '@sigstore/protobuf-specs': [ '0.2.1' ],
2109 silly audit   '@sigstore/sign': [ '1.0.0' ],
2109 silly audit   '@tootallnate/once': [ '2.0.1', '1.1.2' ],
2109 silly audit   'http-proxy-agent': [ '5.0.0', '4.0.1', '7.0.2' ],
2109 silly audit   'make-fetch-happen': [ '11.1.1', '10.2.1' ],
2109 silly audit   'minipass-fetch': [ '3.0.5', '2.1.2' ],
2109 silly audit   minipass: [ '7.1.3', '3.3.6', '5.0.0' ],
2109 silly audit   '@sigstore/tuf': [ '1.0.3' ],
2109 silly audit   '@socket.io/component-emitter': [ '3.1.2' ],
2109 silly audit   '@tufjs/canonical-json': [ '1.0.0' ],
2109 silly audit   '@tufjs/models': [ '1.0.4' ],
2109 silly audit   'brace-expansion': [ '2.1.4', '1.1.18' ],
2109 silly audit   minimatch: [ '9.0.9', '5.1.9', '3.1.5', '6.2.3' ],
2109 silly audit   '@types/body-parser': [ '1.19.6' ],
2109 silly audit   '@types/bonjour': [ '3.5.13' ],
2109 silly audit   '@types/connect': [ '3.4.38' ],
2109 silly audit   '@types/connect-history-api-fallback': [ '1.5.4' ],
2109 silly audit   '@types/cors': [ '2.8.19' ],
2109 silly audit   '@types/estree': [ '1.0.9' ],
2109 silly audit   '@types/express': [ '4.17.25' ],
2109 silly audit   '@types/express-serve-static-core': [ '5.1.3', '4.19.9' ],
2109 silly audit   '@types/http-errors': [ '2.0.5' ],
2109 silly audit   '@types/http-proxy': [ '1.17.17' ],
2109 silly audit   '@types/jasmine': [ '4.3.6' ],
2109 silly audit   '@types/json-schema': [ '7.0.15' ],
2109 silly audit   '@types/mime': [ '1.3.5' ],
2109 silly audit   '@types/node': [ '26.1.2' ],
2109 silly audit   '@types/node-forge': [ '1.3.14' ],
2109 silly audit   '@types/qs': [ '6.15.1' ],
2109 silly audit   '@types/range-parser': [ '1.2.7' ],
2109 silly audit   '@types/retry': [ '0.12.0' ],
2109 silly audit   '@types/send': [ '1.2.1', '0.17.6' ],
2109 silly audit   '@types/serve-index': [ '1.9.4' ],
2109 silly audit   '@types/serve-static': [ '1.15.10' ],
2109 silly audit   '@types/sockjs': [ '0.3.36' ],
2109 silly audit   '@types/ws': [ '8.18.1' ],
2109 silly audit   '@vitejs/plugin-basic-ssl': [ '1.0.1' ],
2109 silly audit   '@webassemblyjs/ast': [ '1.14.1' ],
2109 silly audit   '@webassemblyjs/floating-point-hex-parser': [ '1.13.2' ],
2109 silly audit   '@webassemblyjs/helper-api-error': [ '1.13.2' ],
2109 silly audit   '@webassemblyjs/helper-buffer': [ '1.14.1' ],
2109 silly audit   '@webassemblyjs/helper-numbers': [ '1.13.2' ],
2109 silly audit   '@webassemblyjs/helper-wasm-bytecode': [ '1.13.2' ],
2109 silly audit   '@webassemblyjs/helper-wasm-section': [ '1.14.1' ],
2109 silly audit   '@webassemblyjs/ieee754': [ '1.13.2' ],
2109 silly audit   '@webassemblyjs/leb128': [ '1.13.2' ],
2109 silly audit   '@webassemblyjs/utf8': [ '1.13.2' ],
2109 silly audit   '@webassemblyjs/wasm-edit': [ '1.14.1' ],
2109 silly audit   '@webassemblyjs/wasm-gen': [ '1.14.1' ],
2109 silly audit   '@webassemblyjs/wasm-opt': [ '1.14.1' ],
2109 silly audit   '@webassemblyjs/wasm-parser': [ '1.14.1' ],
2109 silly audit   '@webassemblyjs/wast-printer': [ '1.14.1' ],
2109 silly audit   '@wessberg/ts-evaluator': [ '0.0.27' ],
2109 silly audit   '@xtuc/ieee754': [ '1.2.0' ],
2109 silly audit   '@xtuc/long': [ '4.2.2' ],
2109 silly audit   '@yarnpkg/lockfile': [ '1.1.0' ],
2109 silly audit   abab: [ '2.0.6' ],
2109 silly audit   abbrev: [ '1.1.1', '4.0.0' ],
2109 silly audit   accepts: [ '1.3.8', '2.0.0' ],
2109 silly audit   negotiator: [ '0.6.3', '0.6.4', '1.0.0' ],
2109 silly audit   acorn: [ '8.18.0', '7.4.1' ],
2109 silly audit   'acorn-globals': [ '6.0.0' ],
2109 silly audit   'acorn-import-attributes': [ '1.9.5' ],
2109 silly audit   'acorn-walk': [ '7.2.0' ],
2109 silly audit   'adjust-sourcemap-loader': [ '4.0.0' ],
2109 silly audit   'loader-utils': [ '2.0.4', '3.2.1' ],
2109 silly audit   'agent-base': [ '6.0.2', '7.1.4' ],
2109 silly audit   agentkeepalive: [ '4.6.0' ],
2109 silly audit   'aggregate-error': [ '3.1.0' ],
2109 silly audit   ajv: [ '8.12.0', '6.15.0', '8.20.0' ],
2109 silly audit   'ajv-formats': [ '2.1.1', '3.0.1' ],
2109 silly audit   'ajv-keywords': [ '5.1.0', '3.5.2' ],
2109 silly audit   'ansi-colors': [ '4.1.3' ],
2109 silly audit   'ansi-escapes': [ '4.3.2', '7.3.0' ],
2109 silly audit   'ansi-html-community': [ '0.0.8' ],
2109 silly audit   anymatch: [ '3.1.3' ],
2109 silly audit   aproba: [ '2.1.0' ],
2109 silly audit   'are-we-there-yet': [ '3.0.1' ],
2109 silly audit   argparse: [ '1.0.10', '2.0.1' ],
2109 silly audit   'array-flatten': [ '1.1.1' ],
2109 silly audit   asynckit: [ '0.4.0' ],
2109 silly audit   autoprefixer: [ '10.4.14' ],
2109 silly audit   'babel-loader': [ '9.1.3' ],
2109 silly audit   'babel-plugin-istanbul': [ '6.1.1' ],
2109 silly audit   'babel-plugin-polyfill-corejs2': [ '0.4.17' ],
2109 silly audit   'babel-plugin-polyfill-corejs3': [ '0.8.7' ],
2109 silly audit   'babel-plugin-polyfill-regenerator': [ '0.5.5' ],
2109 silly audit   'balanced-match': [ '1.0.2' ],
2109 silly audit   'base64-js': [ '1.5.1' ],
2109 silly audit   base64id: [ '2.0.0' ],
2109 silly audit   'baseline-browser-mapping': [ '2.11.12' ],
2109 silly audit   batch: [ '0.6.1' ],
2109 silly audit   'big.js': [ '5.2.2' ],
2109 silly audit   'binary-extensions': [ '2.3.0' ],
2109 silly audit   bl: [ '4.1.0' ],
2109 silly audit   'body-parser': [ '1.20.6', '2.3.0' ],
2109 silly audit   debug: [ '2.6.9', '4.4.3', '4.3.1' ],
2109 silly audit   ms: [ '2.0.0', '2.1.3', '2.1.2' ],
2109 silly audit   'bonjour-service': [ '1.4.4' ],
2109 silly audit   boolbase: [ '1.0.0' ],
2109 silly audit   braces: [ '3.0.3' ],
2109 silly audit   'browser-process-hrtime': [ '1.0.0' ],
2109 silly audit   browserslist: [ '4.28.7' ],
2109 silly audit   buffer: [ '5.7.1', '6.0.3' ],
2109 silly audit   'buffer-from': [ '1.1.2' ],
2109 silly audit   bytes: [ '3.1.2' ],
2109 silly audit   cacache: [ '17.1.4', '16.1.3' ],
2109 silly audit   glob: [ '10.5.0', '7.2.3', '8.1.0' ],
2109 silly audit   'call-bind-apply-helpers': [ '1.0.2' ],
2109 silly audit   'call-bound': [ '1.0.4' ],
2109 silly audit   callsites: [ '3.1.0' ],
2109 silly audit   camelcase: [ '5.3.1', '6.3.0' ],
2109 silly audit   'caniuse-lite': [ '1.0.30001809' ],
2109 silly audit   chalk: [ '4.1.2', '5.6.2' ],
2109 silly audit   chardet: [ '0.7.0', '2.2.0' ],
2109 silly audit   chokidar: [ '3.5.3', '3.6.0' ],
2109 silly audit   chownr: [ '2.0.0', '3.0.0' ],
2109 silly audit   'chrome-trace-event': [ '1.0.4' ],
2109 silly audit   'clean-stack': [ '2.2.0' ],
2109 silly audit   'cli-cursor': [ '3.1.0' ],
2109 silly audit   'cli-spinners': [ '2.9.2' ],
2109 silly audit   'cli-width': [ '3.0.0', '4.1.0' ],
2109 silly audit   cliui: [ '8.0.1', '7.0.4' ],
2109 silly audit   clone: [ '1.0.4' ],
2109 silly audit   'clone-deep': [ '4.0.1' ],
2109 silly audit   'color-convert': [ '2.0.1', '3.1.3' ],
2109 silly audit   'color-name': [ '1.1.4', '2.1.1' ],
2109 silly audit   'color-support': [ '1.1.3' ],
2109 silly audit   colorette: [ '2.0.20' ],
2109 silly audit   'combined-stream': [ '1.0.8' ],
2109 silly audit   commander: [ '2.20.3', '5.1.0', '10.0.1' ],
2109 silly audit   'common-path-prefix': [ '3.0.0' ],
2109 silly audit   compressible: [ '2.0.18' ],
2109 silly audit   compression: [ '1.8.1' ],
2109 silly audit   'concat-map': [ '0.0.1' ],
2109 silly audit   connect: [ '3.7.0' ],
2109 silly audit   'connect-history-api-fallback': [ '2.0.0' ],
2109 silly audit   'console-control-strings': [ '1.1.0' ],
2109 silly audit   'content-disposition': [ '0.5.4', '1.1.0' ],
2109 silly audit   'content-type': [ '1.0.5', '2.0.0' ],
2109 silly audit   cookie: [ '0.7.2' ],
2109 silly audit   'cookie-signature': [ '1.0.7', '1.2.2' ],
2109 silly audit   'copy-anything': [ '2.0.6' ],
2109 silly audit   'copy-webpack-plugin': [ '11.0.0' ],
2109 silly audit   'glob-parent': [ '6.0.2', '5.1.2' ],
2109 silly audit   'core-js-compat': [ '3.50.0' ],
2109 silly audit   'core-util-is': [ '1.0.3' ],
2109 silly audit   cors: [ '2.8.6' ],
2109 silly audit   cosmiconfig: [ '8.3.6' ],
2109 silly audit   'js-yaml': [ '4.3.1', '3.15.1' ],
2109 silly audit   critters: [ '0.0.20' ],
2109 silly audit   'cross-spawn': [ '7.0.6' ],
2109 silly audit   'css-loader': [ '6.8.1' ],
2109 silly audit   'css-select': [ '5.2.2' ],
2109 silly audit   'css-what': [ '6.2.2' ],
2109 silly audit   cssesc: [ '3.0.0' ],
2109 silly audit   cssom: [ '0.4.4', '0.3.8' ],
2109 silly audit   cssstyle: [ '2.3.0' ],
2109 silly audit   'custom-event': [ '1.0.1' ],
2109 silly audit   'data-urls': [ '2.0.0' ],
2109 silly audit   'date-format': [ '4.0.14' ],
2109 silly audit   'decimal.js': [ '10.6.0' ],
2109 silly audit   'default-gateway': [ '6.0.3' ],
2109 silly audit   defaults: [ '1.0.4' ],
2109 silly audit   'define-lazy-prop': [ '2.0.0' ],
2109 silly audit   'delayed-stream': [ '1.0.0' ],
2109 silly audit   delegates: [ '1.0.0' ],
2109 silly audit   depd: [ '2.0.0', '1.1.2' ],
2109 silly audit   destroy: [ '1.2.0' ],
2109 silly audit   'detect-node': [ '2.1.0' ],
2109 silly audit   di: [ '0.0.1' ],
2109 silly audit   'dir-glob': [ '3.0.1' ],
2109 silly audit   'dns-packet': [ '5.6.1' ],
2109 silly audit   'dom-serialize': [ '2.2.1' ],
2109 silly audit   'dom-serializer': [ '2.0.0' ],
2109 silly audit   domelementtype: [ '2.3.0' ],
2109 silly audit   domexception: [ '2.0.1' ],
2109 silly audit   'webidl-conversions': [ '5.0.0', '6.1.0', '3.0.1' ],
2109 silly audit   domhandler: [ '5.0.3' ],
2109 silly audit   domutils: [ '3.2.2' ],
2109 silly audit   'dunder-proto': [ '1.0.1' ],
2109 silly audit   eastasianwidth: [ '0.2.0' ],
2109 silly audit   'ee-first': [ '1.1.1' ],
2109 silly audit   'electron-to-chromium': [ '1.5.402' ],
2109 silly audit   'emojis-list': [ '3.0.0' ],
2109 silly audit   encodeurl: [ '1.0.2', '2.0.0' ],
2109 silly audit   encoding: [ '0.1.13' ],
2109 silly audit   'iconv-lite': [ '0.6.3', '0.4.24', '0.7.3' ],
2109 silly audit   'engine.io': [ '6.6.9' ],
2109 silly audit   'engine.io-parser': [ '5.2.3' ],
2109 silly audit   ws: [ '8.21.3', '7.5.13' ],
2109 silly audit   'enhanced-resolve': [ '5.24.5' ],
2109 silly audit   ent: [ '2.2.2' ],
2109 silly audit   entities: [ '4.5.0', '6.0.1' ],
2109 silly audit   'env-paths': [ '2.2.1' ],
2109 silly audit   'err-code': [ '2.0.3' ],
2109 silly audit   errno: [ '0.1.8' ],
2109 silly audit   'error-ex': [ '1.3.4' ],
2109 silly audit   'es-define-property': [ '1.0.1' ],
2109 silly audit   'es-errors': [ '1.3.0' ],
2109 silly audit   'es-module-lexer': [ '1.7.0' ],
2109 silly audit   'es-object-atoms': [ '1.1.2' ],
2109 silly audit   'es-set-tostringtag': [ '2.1.0' ],
2109 silly audit   esbuild: [ '0.18.17' ],
2109 silly audit   'esbuild-wasm': [ '0.18.17' ],
2109 silly audit   escalade: [ '3.2.0' ],
2109 silly audit   'escape-html': [ '1.0.3' ],
2109 silly audit   'escape-string-regexp': [ '1.0.5' ],
2109 silly audit   escodegen: [ '2.1.0' ],
2109 silly audit   'source-map': [ '0.6.1', '0.7.4' ],
2109 silly audit   'eslint-scope': [ '5.1.1' ],
2109 silly audit   estraverse: [ '4.3.0', '5.3.0' ],
2109 silly audit   esprima: [ '4.0.1' ],
2109 silly audit   esrecurse: [ '4.3.0' ],
2109 silly audit   esutils: [ '2.0.3' ],
2109 silly audit   etag: [ '1.8.1' ],
2109 silly audit   'eventemitter-asyncresource': [ '1.0.0' ],
2109 silly audit   eventemitter3: [ '4.0.7' ],
2109 silly audit   events: [ '3.3.0' ],
2109 silly audit   execa: [ '5.1.1' ],
2109 silly audit   'exponential-backoff': [ '3.1.3' ],
2109 silly audit   express: [ '4.22.2', '5.2.1' ],
2109 silly audit   finalhandler: [ '1.3.2', '1.1.2', '2.1.1' ],
2109 silly audit   'range-parser': [ '1.2.1', '1.3.0' ],
2109 silly audit   statuses: [ '2.0.2', '1.5.0' ],
2109 silly audit   extend: [ '3.0.2' ],
2109 silly audit   'external-editor': [ '3.1.0' ],
2109 silly audit   'fast-deep-equal': [ '3.1.3' ],
2109 silly audit   'fast-glob': [ '3.3.1' ],
2109 silly audit   'fast-json-stable-stringify': [ '2.1.0' ],
2109 silly audit   fastq: [ '1.20.1' ],
2109 silly audit   'faye-websocket': [ '0.11.4' ],
2109 silly audit   figures: [ '3.2.0' ],
2109 silly audit   'fill-range': [ '7.1.1' ],
2109 silly audit   'on-finished': [ '2.3.0', '2.4.1' ],
2109 silly audit   'find-cache-dir': [ '4.0.0' ],
2109 silly audit   'find-up': [ '4.1.0', '6.3.0' ],
2109 silly audit   firebase: [ '12.17.1' ],
2109 silly audit   flatted: [ '3.4.4' ],
2109 silly audit   'follow-redirects': [ '1.16.0' ],
2109 silly audit   'foreground-child': [ '3.3.1' ],
2109 silly audit   'signal-exit': [ '4.1.0', '3.0.7' ],
2109 silly audit   'form-data': [ '3.0.5', '4.0.6' ],
2109 silly audit   forwarded: [ '0.2.0' ],
2109 silly audit   'fraction.js': [ '4.3.7' ],
2109 silly audit   fresh: [ '0.5.2', '2.0.0' ],
2109 silly audit   'fs-extra': [ '8.1.0', '10.1.0' ],
2109 silly audit   'fs-minipass': [ '3.0.3', '2.1.0' ],
2109 silly audit   'fs-monkey': [ '1.1.0' ],
2109 silly audit   'fs.realpath': [ '1.0.0' ],
2109 silly audit   fsevents: [ '2.3.3' ],
2109 silly audit   'function-bind': [ '1.1.2' ],
2109 silly audit   gauge: [ '4.0.4' ],
2109 silly audit   gensync: [ '1.0.0-beta.2' ],
2109 silly audit   'get-caller-file': [ '2.0.5' ],
2109 silly audit   'get-intrinsic': [ '1.3.0' ],
2109 silly audit   'get-package-type': [ '0.1.0' ],
2109 silly audit   'get-proto': [ '1.0.1' ],
2109 silly audit   'get-stream': [ '6.0.1' ],
2109 silly audit   'glob-to-regexp': [ '0.4.1' ],
2109 silly audit   globby: [ '13.2.2' ],
2109 silly audit   gopd: [ '1.2.0' ],
2109 silly audit   'graceful-fs': [ '4.2.11', '4.2.10' ],
2109 silly audit   'guess-parser': [ '0.4.22' ],
2109 silly audit   'handle-thing': [ '2.0.1' ],
2109 silly audit   'has-flag': [ '4.0.0' ],
2109 silly audit   'has-symbols': [ '1.1.0' ],
2109 silly audit   'has-tostringtag': [ '1.0.2' ],
2109 silly audit   'has-unicode': [ '2.0.1' ],
2109 silly audit   hasown: [ '2.0.4' ],
2109 silly audit   'hdr-histogram-js': [ '2.0.3' ],
2109 silly audit   'hdr-histogram-percentiles-obj': [ '3.0.0' ],
2109 silly audit   'hosted-git-info': [ '6.1.3' ],
2109 silly audit   'hpack.js': [ '2.1.6' ],
2109 silly audit   'readable-stream': [ '2.3.8', '3.6.2', '4.7.0' ],
2109 silly audit   'safe-buffer': [ '5.1.2', '5.2.1' ],
2109 silly audit   string_decoder: [ '1.1.1', '1.3.0' ],
2109 silly audit   'html-encoding-sniffer': [ '2.0.1' ],
2109 silly audit   'html-entities': [ '2.6.0' ],
2109 silly audit   'html-escaper': [ '2.0.2' ],
2109 silly audit   htmlparser2: [ '8.0.2' ],
2109 silly audit   'http-cache-semantics': [ '4.2.0' ],
2109 silly audit   'http-deceiver': [ '1.2.7' ],
2109 silly audit   'http-errors': [ '2.0.1', '1.8.1' ],
2109 silly audit   'http-parser-js': [ '0.5.10' ],
2109 silly audit   'http-proxy': [ '1.18.1' ],
2109 silly audit   'http-proxy-middleware': [ '2.0.10' ],
2109 silly audit   'https-proxy-agent': [ '5.0.1', '7.0.6' ],
2109 silly audit   'human-signals': [ '2.1.0' ],
2109 silly audit   'humanize-ms': [ '1.2.1' ],
2109 silly audit   'icss-utils': [ '5.1.0' ],
2109 silly audit   idb: [ '7.1.1' ],
2109 silly audit   ieee754: [ '1.2.1' ],
2109 silly audit   ignore: [ '5.3.2', '7.0.6' ],
2109 silly audit   'ignore-walk': [ '6.0.5' ],
2109 silly audit   'image-size': [ '0.5.5' ],
2109 silly audit   immutable: [ '4.3.9' ],
2109 silly audit   'import-fresh': [ '3.3.1' ],
2109 silly audit   'resolve-from': [ '4.0.0', '5.0.0' ],
2109 silly audit   imurmurhash: [ '0.1.4' ],
2109 silly audit   'indent-string': [ '4.0.0' ],
2109 silly audit   'infer-owner': [ '1.0.4' ],
2109 silly audit   inflight: [ '1.0.6' ],
2109 silly audit   inherits: [ '2.0.4' ],
2109 silly audit   ini: [ '4.1.1', '2.0.0', '1.3.8' ],
2109 silly audit   inquirer: [ '8.2.4' ],
2109 silly audit   'ip-address': [ '10.4.0' ],
2109 silly audit   'ipaddr.js': [ '2.5.0', '1.9.1' ],
2109 silly audit   'is-arrayish': [ '0.2.1' ],
2109 silly audit   'is-binary-path': [ '2.1.0' ],
2109 silly audit   'is-core-module': [ '2.16.2' ],
2109 silly audit   'is-docker': [ '2.2.1' ],
2109 silly audit   'is-extglob': [ '2.1.1' ],
2109 silly audit   'is-fullwidth-code-point': [ '3.0.0' ],
2109 silly audit   'is-glob': [ '4.0.3' ],
2109 silly audit   'is-interactive': [ '1.0.0' ],
2109 silly audit   'is-lambda': [ '1.0.1' ],
2109 silly audit   'is-number': [ '7.0.0' ],
2109 silly audit   'is-plain-obj': [ '3.0.0' ],
2109 silly audit   'is-plain-object': [ '2.0.4' ],
2109 silly audit   'is-potential-custom-element-name': [ '1.0.1' ],
2109 silly audit   'is-regex': [ '1.2.1' ],
2109 silly audit   'is-stream': [ '2.0.1' ],
2109 silly audit   'is-unicode-supported': [ '0.1.0' ],
2109 silly audit   'is-what': [ '3.14.1' ],
2109 silly audit   'is-wsl': [ '2.2.0', '1.1.0' ],
2109 silly audit   isarray: [ '1.0.0', '0.0.1' ],
2109 silly audit   isbinaryfile: [ '4.0.10' ],
2109 silly audit   isexe: [ '2.0.0', '4.0.0' ],
2109 silly audit   isobject: [ '3.0.1' ],
2109 silly audit   'istanbul-lib-coverage': [ '3.2.2' ],
2109 silly audit   'istanbul-lib-instrument': [ '5.2.1' ],
2109 silly audit   'istanbul-lib-report': [ '3.0.1' ],
2109 silly audit   'istanbul-lib-source-maps': [ '4.0.1' ],
2109 silly audit   'istanbul-reports': [ '3.2.0' ],
2109 silly audit   jackspeak: [ '3.4.3' ],
2109 silly audit   'jasmine-core': [ '4.6.1' ],
2109 silly audit   'jest-worker': [ '27.5.1' ],
2109 silly audit   'supports-color': [ '8.1.1', '7.2.0' ],
2109 silly audit   jiti: [ '1.21.7' ],
2109 silly audit   'js-tokens': [ '4.0.0' ],
2109 silly audit   jsdom: [ '16.7.0' ],
2109 silly audit   'json-parse-even-better-errors': [ '2.3.1', '3.0.2' ],
2109 silly audit   'json-schema-traverse': [ '1.0.0', '0.4.1' ],
2109 silly audit   json5: [ '2.2.3' ],
2109 silly audit   'jsonc-parser': [ '3.2.0' ],
2109 silly audit   jsonfile: [ '4.0.0', '6.2.1' ],
2109 silly audit   jsonparse: [ '1.3.1' ],
2109 silly audit   karma: [ '6.4.4' ],
2109 silly audit   'karma-chrome-launcher': [ '3.2.0' ],
2109 silly audit   'karma-coverage': [ '2.2.1' ],
2109 silly audit   'karma-jasmine': [ '5.1.0' ],
2109 silly audit   'karma-jasmine-html-reporter': [ '2.1.0' ],
2109 silly audit   'karma-source-map-support': [ '1.4.0' ],
2109 silly audit   tmp: [ '0.2.7', '0.0.33' ],
2109 silly audit   yargs: [ '16.2.2', '17.7.2' ],
2109 silly audit   'yargs-parser': [ '20.2.9', '21.1.1' ],
2109 silly audit   'kind-of': [ '6.0.3' ],
2109 silly audit   klona: [ '2.0.6' ],
2109 silly audit   'launch-editor': [ '2.14.1' ],
2109 silly audit   less: [ '4.1.3' ],
2109 silly audit   'less-loader': [ '11.1.0' ],
2109 silly audit   'make-dir': [ '2.1.0', '4.0.0', '3.1.0' ],
2109 silly audit   mime: [ '1.6.0', '2.6.0' ],
2109 silly audit   'license-webpack-plugin': [ '4.0.2' ],
2109 silly audit   'lines-and-columns': [ '1.2.4' ],
2109 silly audit   'loader-runner': [ '4.3.2' ],
2109 silly audit   'locate-path': [ '5.0.0', '7.2.0' ],
2109 silly audit   lodash: [ '4.18.1' ],
2109 silly audit   'lodash.camelcase': [ '4.3.0' ],
2109 silly audit   'lodash.debounce': [ '4.0.8' ],
2109 silly audit   'log-symbols': [ '4.1.0' ],
2109 silly audit   log4js: [ '6.9.1' ],
2109 silly audit   long: [ '5.3.2' ],
2109 silly audit   ssri: [ '9.0.1', '10.0.6' ],
2109 silly audit   'unique-filename': [ '2.0.1', '3.0.0' ],
2109 silly audit   'unique-slug': [ '3.0.0', '4.0.0' ],
2109 silly audit   'math-intrinsics': [ '1.1.0' ],
2109 silly audit   'media-typer': [ '0.3.0', '1.1.1' ],
2109 silly audit   memfs: [ '3.5.3' ],
2109 silly audit   'merge-descriptors': [ '1.0.3', '2.0.0' ],
2109 silly audit   'merge-stream': [ '2.0.0' ],
2109 silly audit   merge2: [ '1.4.1' ],
2109 silly audit   methods: [ '1.1.2' ],
2109 silly audit   micromatch: [ '4.0.8' ],
2109 silly audit   'mime-db': [ '1.52.0', '1.54.0' ],
2109 silly audit   'mime-types': [ '2.1.35', '3.0.2' ],
2109 silly audit   'mimic-fn': [ '2.1.0' ],
2109 silly audit   'mini-css-extract-plugin': [ '2.7.6' ],
2109 silly audit   'minimalistic-assert': [ '1.0.1' ],
2109 silly audit   minimist: [ '1.2.8' ],
2109 silly audit   'minipass-collect': [ '1.0.2' ],
2109 silly audit   'minipass-flush': [ '1.0.7' ],
2109 silly audit   'minipass-json-stream': [ '1.0.2' ],
2109 silly audit   'minipass-pipeline': [ '1.2.4' ],
2109 silly audit   'minipass-sized': [ '1.0.3' ],
2109 silly audit   minizlib: [ '2.1.2', '3.1.0' ],
2109 silly audit   mrmime: [ '1.0.1' ],
2109 silly audit   'multicast-dns': [ '7.2.5' ],
2109 silly audit   'mute-stream': [ '0.0.8', '2.0.0' ],
2109 silly audit   nanoid: [ '3.3.18' ],
2109 silly audit   needle: [ '3.5.0' ],
2109 silly audit   'neo-async': [ '2.6.2' ],
2109 silly audit   'nice-napi': [ '1.0.2' ],
2109 silly audit   'node-addon-api': [ '3.2.1' ],
2109 silly audit   'node-forge': [ '1.4.0' ],
2109 silly audit   'node-gyp': [ '9.4.1', '12.4.0' ],
2109 silly audit   'node-gyp-build': [ '4.8.4' ],
2109 silly audit   'node-releases': [ '2.0.53' ],
2109 silly audit   nopt: [ '6.0.0', '9.0.0' ],
2109 silly audit   'normalize-package-data': [ '5.0.0' ],
2109 silly audit   'normalize-path': [ '3.0.0' ],
2109 silly audit   'normalize-range': [ '0.1.2' ],
2109 silly audit   'npm-bundled': [ '3.0.1' ],
2109 silly audit   'npm-install-checks': [ '6.3.0' ],
2109 silly audit   'npm-normalize-package-bin': [ '3.0.1' ],
2109 silly audit   'npm-package-arg': [ '10.1.0' ],
2109 silly audit   'npm-packlist': [ '7.0.4' ],
2109 silly audit   'npm-pick-manifest': [ '8.0.1' ],
2109 silly audit   'npm-registry-fetch': [ '14.0.5' ],
2109 silly audit   'npm-run-path': [ '4.0.1' ],
2109 silly audit   npmlog: [ '6.0.2' ],
2109 silly audit   'nth-check': [ '2.1.1' ],
2109 silly audit   nwsapi: [ '2.2.24' ],
2109 silly audit   'object-assign': [ '4.1.1' ],
2109 silly audit   'object-inspect': [ '1.13.4' ],
2109 silly audit   'object-path': [ '0.11.8' ],
2109 silly audit   obuf: [ '1.1.2' ],
2109 silly audit   'on-headers': [ '1.1.0' ],
2109 silly audit   once: [ '1.4.0' ],
2109 silly audit   onetime: [ '5.1.2' ],
2109 silly audit   open: [ '8.4.2', '6.4.0' ],
2109 silly audit   ora: [ '5.4.1' ],
2109 silly audit   'os-tmpdir': [ '1.0.2' ],
2109 silly audit   'p-limit': [ '2.3.0', '4.0.0' ],
2109 silly audit   'p-locate': [ '4.1.0', '6.0.0' ],
2109 silly audit   'p-map': [ '4.0.0' ],
2109 silly audit   'p-retry': [ '4.6.2' ],
2109 silly audit   retry: [ '0.13.1', '0.12.0' ],
2109 silly audit   'p-try': [ '2.2.0' ],
2109 silly audit   'package-json-from-dist': [ '1.0.1' ],
2109 silly audit   pacote: [ '15.2.0' ],
2109 silly audit   pako: [ '1.0.11' ],
2109 silly audit   'parent-module': [ '1.0.1' ],
2109 silly audit   'parse-json': [ '5.2.0' ],
2109 silly audit   'parse-node-version': [ '1.0.1' ],
2109 silly audit   parse5: [ '6.0.1', '7.3.0', '5.1.1' ],
2109 silly audit   'parse5-html-rewriting-stream': [ '7.0.0' ],
2109 silly audit   'parse5-sax-parser': [ '7.0.0' ],
2109 silly audit   parseurl: [ '1.3.3' ],
2109 silly audit   'path-exists': [ '4.0.0', '5.0.0' ],
2109 silly audit   'path-is-absolute': [ '1.0.1' ],
2109 silly audit   'path-key': [ '3.1.1' ],
2109 silly audit   'path-parse': [ '1.0.7' ],
2109 silly audit   'path-scurry': [ '1.11.1' ],
2109 silly audit   'path-to-regexp': [ '0.1.13', '1.9.0', '8.4.2' ],
2109 silly audit   'path-type': [ '4.0.0' ],
2109 silly audit   picocolors: [ '1.1.1' ],
2109 silly audit   picomatch: [ '2.3.1', '4.0.5' ],
2109 silly audit   pify: [ '4.0.1' ],
2109 silly audit   piscina: [ '4.0.0' ],
2109 silly audit   'pkg-dir': [ '7.0.0' ],
2109 silly audit   postcss: [ '8.4.31' ],
2109 silly audit   'postcss-loader': [ '7.3.3' ],
2109 silly audit   'postcss-modules-extract-imports': [ '3.1.0' ],
2109 silly audit   'postcss-modules-local-by-default': [ '4.2.0' ],
2109 silly audit   'postcss-modules-scope': [ '3.2.1' ],
2109 silly audit   'postcss-modules-values': [ '4.0.0' ],
2109 silly audit   'postcss-selector-parser': [ '7.1.5' ],
2109 silly audit   'postcss-value-parser': [ '4.2.0' ],
2109 silly audit   'pretty-bytes': [ '5.6.0' ],
2109 silly audit   'proc-log': [ '3.0.0', '6.1.0' ],
2109 silly audit   'process-nextick-args': [ '2.0.1' ],
2109 silly audit   'promise-inflight': [ '1.0.1' ],
2109 silly audit   'promise-retry': [ '2.0.1' ],
2109 silly audit   protobufjs: [ '7.6.5' ],
2109 silly audit   'proxy-addr': [ '2.0.7' ],
2109 silly audit   prr: [ '1.0.1' ],
2109 silly audit   psl: [ '1.15.0' ],
2109 silly audit   punycode: [ '2.3.1', '1.4.1' ],
2109 silly audit   qjobs: [ '1.2.0' ],
2109 silly audit   qs: [ '6.15.3' ],
2109 silly audit   querystringify: [ '2.2.0' ],
2109 silly audit   'queue-microtask': [ '1.2.3' ],
2109 silly audit   randombytes: [ '2.1.0' ],
2109 silly audit   'raw-body': [ '2.5.3', '3.0.2' ],
2109 silly audit   re2js: [ '2.8.6' ],
2109 silly audit   'read-package-json': [ '6.0.4' ],
2109 silly audit   'read-package-json-fast': [ '3.0.2' ],
2109 silly audit   readdirp: [ '3.6.0' ],
2109 silly audit   'reflect-metadata': [ '0.1.14' ],
2109 silly audit   regenerate: [ '1.4.2' ],
2109 silly audit   'regenerate-unicode-properties': [ '10.2.2' ],
2109 silly audit   'regenerator-runtime': [ '0.13.11' ],
2109 silly audit   'regex-parser': [ '2.3.1' ],
2109 silly audit   'regexpu-core': [ '6.4.0' ],
2109 silly audit   regjsgen: [ '0.8.0' ],
2109 silly audit   regjsparser: [ '0.13.2' ],
2109 silly audit   'require-directory': [ '2.1.1' ],
2109 silly audit   'require-from-string': [ '2.0.2' ],
2109 silly audit   'requires-port': [ '1.0.0' ],
2109 silly audit   'resolve-url-loader': [ '5.0.0' ],
2109 silly audit   'restore-cursor': [ '3.1.0' ],
2109 silly audit   reusify: [ '1.1.0' ],
2109 silly audit   rfdc: [ '1.4.1' ],
2109 silly audit   rimraf: [ '3.0.2', '5.0.10' ],
2109 silly audit   rollup: [ '3.30.0' ],
2109 silly audit   'run-async': [ '2.4.1' ],
2109 silly audit   'run-parallel': [ '1.2.0' ],
2109 silly audit   'safe-regex-test': [ '1.1.0' ],
2109 silly audit   'safer-buffer': [ '2.1.2' ],
2109 silly audit   sass: [ '1.64.1' ],
2109 silly audit   'sass-loader': [ '13.3.2' ],
2109 silly audit   sax: [ '1.6.1' ],
2109 silly audit   saxes: [ '5.0.1' ],
2109 silly audit   'schema-utils': [ '4.3.3', '3.3.0' ],
2109 silly audit   'select-hose': [ '2.0.0' ],
2109 silly audit   selfsigned: [ '2.4.1' ],
2109 silly audit   send: [ '0.19.2', '1.2.1' ],
2109 silly audit   'serialize-javascript': [ '6.0.2' ],
2109 silly audit   'serve-index': [ '1.9.2' ],
2109 silly audit   'serve-static': [ '1.16.3', '2.2.1' ],
2109 silly audit   'set-blocking': [ '2.0.0' ],
2109 silly audit   setprototypeof: [ '1.2.0' ],
2109 silly audit   'shallow-clone': [ '3.0.1' ],
2109 silly audit   'shebang-command': [ '2.0.0' ],
2109 silly audit   'shebang-regex': [ '3.0.0' ],
2109 silly audit   'shell-quote': [ '1.10.0' ],
2109 silly audit   'side-channel': [ '1.1.1' ],
2109 silly audit   'side-channel-list': [ '1.0.1' ],
2109 silly audit   'side-channel-map': [ '1.0.1' ],
2109 silly audit   'side-channel-weakmap': [ '1.0.2' ],
2109 silly audit   sigstore: [ '1.9.0' ],
2109 silly audit   slash: [ '4.0.0' ],
2109 silly audit   'smart-buffer': [ '4.2.0' ],
2109 silly audit   'socket.io': [ '4.8.3' ],
2109 silly audit   'socket.io-adapter': [ '2.5.8' ],
2109 silly audit   'socket.io-parser': [ '4.2.7' ],
2109 silly audit   sockjs: [ '0.3.24' ],
2109 silly audit   socks: [ '2.8.9' ],
2109 silly audit   'socks-proxy-agent': [ '7.0.0', '8.0.5' ],
2109 silly audit   'source-map-js': [ '1.2.1' ],
2109 silly audit   'source-map-loader': [ '4.0.1' ],
2109 silly audit   'source-map-support': [ '0.5.21' ],
2109 silly audit   'spdx-correct': [ '3.2.0' ],
2109 silly audit   'spdx-exceptions': [ '2.5.0' ],
2109 silly audit   'spdx-expression-parse': [ '3.0.1' ],
2109 silly audit   'spdx-license-ids': [ '3.0.23' ],
2109 silly audit   spdy: [ '4.0.2' ],
2109 silly audit   'spdy-transport': [ '3.0.0' ],
2109 silly audit   'sprintf-js': [ '1.0.3' ],
2109 silly audit   streamroller: [ '3.1.5' ],
2109 silly audit   'strip-final-newline': [ '2.0.0' ],
2109 silly audit   'supports-preserve-symlinks-flag': [ '1.0.0' ],
2109 silly audit   'symbol-observable': [ '4.0.0' ],
2109 silly audit   'symbol-tree': [ '3.2.4' ],
2109 silly audit   tapable: [ '2.3.3' ],
2109 silly audit   tar: [ '6.2.1', '7.5.22' ],
2109 silly audit   terser: [ '5.19.2', '5.49.2' ],
2109 silly audit   'terser-webpack-plugin': [ '5.6.1' ],
2109 silly audit   'test-exclude': [ '6.0.0' ],
2109 silly audit   'text-table': [ '0.2.0' ],
2109 silly audit   through: [ '2.3.8' ],
2109 silly audit   thunky: [ '1.1.0' ],
2109 silly audit   'to-regex-range': [ '5.0.1' ],
2109 silly audit   toidentifier: [ '1.0.1' ],
2109 silly audit   'tough-cookie': [ '4.1.4' ],
2109 silly audit   universalify: [ '0.2.0', '0.1.2', '2.0.1' ],
2109 silly audit   tr46: [ '2.1.0', '0.0.3' ],
2109 silly audit   'tree-kill': [ '1.2.2' ],
2109 silly audit   'tuf-js': [ '1.1.7' ],
2109 silly audit   'type-fest': [ '0.21.3', '0.20.2' ],
2109 silly audit   'type-is': [ '1.6.18', '2.1.0' ],
2109 silly audit   'typed-assert': [ '1.0.9' ],
2109 silly audit   typescript: [ '5.1.6' ],
2109 silly audit   'ua-parser-js': [ '0.7.41' ],
2109 silly audit   'undici-types': [ '8.3.0' ],
2109 silly audit   'unicode-canonical-property-names-ecmascript': [ '2.0.1' ],
2109 silly audit   'unicode-match-property-ecmascript': [ '2.0.0' ],
2109 silly audit   'unicode-match-property-value-ecmascript': [ '2.2.1' ],
2109 silly audit   'unicode-property-aliases-ecmascript': [ '2.2.0' ],
2109 silly audit   unpipe: [ '1.0.0' ],
2109 silly audit   'update-browserslist-db': [ '1.3.0' ],
2109 silly audit   'uri-js': [ '4.4.1' ],
2109 silly audit   'url-parse': [ '1.5.10' ],
2109 silly audit   'util-deprecate': [ '1.0.2' ],
2109 silly audit   'utils-merge': [ '1.0.1' ],
2109 silly audit   uuid: [ '8.3.2', '9.0.1' ],
2109 silly audit   'validate-npm-package-license': [ '3.0.4' ],
2109 silly audit   'validate-npm-package-name': [ '5.0.1' ],
2109 silly audit   vary: [ '1.1.2' ],
2109 silly audit   vite: [ '4.5.5' ],
2109 silly audit   'void-elements': [ '2.0.1' ],
2109 silly audit   'w3c-hr-time': [ '1.0.2' ],
2109 silly audit   'w3c-xmlserializer': [ '2.0.0' ],
2109 silly audit   watchpack: [ '2.5.2' ],
2109 silly audit   wbuf: [ '1.7.3' ],
2109 silly audit   wcwidth: [ '1.0.1' ],
2109 silly audit   'web-vitals': [ '4.2.4' ],
2109 silly audit   webpack: [ '5.94.0' ],
2109 silly audit   'webpack-dev-middleware': [ '6.1.2', '5.3.4' ],
2109 silly audit   'webpack-dev-server': [ '4.15.1' ],
2109 silly audit   'webpack-merge': [ '5.9.0' ],
2109 silly audit   'webpack-sources': [ '3.5.1' ],
2109 silly audit   'webpack-subresource-integrity': [ '5.1.0' ],
2109 silly audit   'websocket-driver': [ '0.7.5' ],
2109 silly audit   'websocket-extensions': [ '0.1.4' ],
2109 silly audit   'whatwg-encoding': [ '1.0.5' ],
2109 silly audit   'whatwg-mimetype': [ '2.3.0' ],
2109 silly audit   'whatwg-url': [ '8.7.0', '5.0.0' ],
2109 silly audit   'wide-align': [ '1.1.5' ],
2109 silly audit   wildcard: [ '2.0.1' ],
2109 silly audit   wrappy: [ '1.0.2' ],
2109 silly audit   'xml-name-validator': [ '3.0.0' ],
2109 silly audit   xmlchars: [ '2.2.0' ],
2109 silly audit   y18n: [ '5.0.8' ],
2109 silly audit   'yocto-queue': [ '1.2.2' ],
2109 silly audit   'zone.js': [ '0.13.3' ],
2109 silly audit   'firebase-tools': [ '15.26.0' ],
2109 silly audit   '@apphosting/common': [ '0.0.8' ],
2109 silly audit   '@electric-sql/pglite': [ '0.3.16', '0.2.17' ],
2109 silly audit   '@electric-sql/pglite-tools': [ '0.2.21' ],
2109 silly audit   '@google-cloud/cloud-sql-connector': [ '1.10.0' ],
2109 silly audit   '@google-cloud/pubsub': [ '5.3.1' ],
2109 silly audit   '@inquirer/prompts': [ '7.10.1' ],
2109 silly audit   '@modelcontextprotocol/sdk': [ '1.30.0' ],
2109 silly audit   'abort-controller': [ '3.0.0' ],
2109 silly audit   archiver: [ '7.0.1' ],
2109 silly audit   'async-lock': [ '1.4.1' ],
2109 silly audit   cjson: [ '0.3.3' ],
2109 silly audit   'cli-table3': [ '0.6.5' ],
2109 silly audit   configstore: [ '5.0.1' ],
2109 silly audit   'cross-env': [ '7.0.3' ],
2109 silly audit   'csv-parse': [ '5.6.0' ],
2109 silly audit   exegesis: [ '4.3.0' ],
2109 silly audit   'exegesis-express': [ '4.0.0' ],
2109 silly audit   fuzzy: [ '0.1.3' ],
2109 silly audit   gaxios: [ '6.7.1', '7.3.0', '7.1.3' ],
2109 silly audit   'google-auth-library': [ '9.15.1', '10.9.1', '10.5.0' ],
2109 silly audit   jsonwebtoken: [ '9.0.3' ],
2109 silly audit   'libsodium-wrappers': [ '0.7.16' ],
2109 silly audit   lsofi: [ '2.0.0' ],
2109 silly audit   marked: [ '13.0.3' ],
2109 silly audit   'marked-terminal': [ '7.3.0' ],
2109 silly audit   morgan: [ '1.11.0' ],
2109 silly audit   'node-fetch': [ '2.7.0', '3.3.2' ],
2109 silly audit   pg: [ '8.22.0' ],
2109 silly audit   'pg-gateway': [ '0.3.0-beta.4' ],
2109 silly audit   portfinder: [ '1.0.38' ],
2109 silly audit   progress: [ '2.0.3' ],
2109 silly audit   'proxy-agent': [ '6.5.0' ],
2109 silly audit   'sql-formatter': [ '15.8.2' ],
2109 silly audit   'stream-chain': [ '2.2.5' ],
2109 silly audit   'stream-json': [ '1.9.1' ],
2109 silly audit   superstatic: [ '10.0.0' ],
2109 silly audit   'tcp-port-used': [ '1.0.3' ],
2109 silly audit   'triple-beam': [ '1.4.1' ],
2109 silly audit   undici: [ '6.28.0' ],
2109 silly audit   'universal-analytics': [ '0.5.3' ],
2109 silly audit   'update-notifier-cjs': [ '5.1.7' ],
2109 silly audit   winston: [ '3.19.0' ],
2109 silly audit   'winston-transport': [ '4.9.0' ],
2109 silly audit   yaml: [ '2.9.0' ],
2109 silly audit   zod: [ '4.4.3' ],
2109 silly audit   '@googleapis/sqladmin': [ '35.2.0' ],
2109 silly audit   'p-throttle': [ '7.0.0' ],
2109 silly audit   '@google-cloud/paginator': [ '6.1.0' ],
2109 silly audit   '@google-cloud/precise-date': [ '5.2.0' ],
2109 silly audit   '@google-cloud/projectify': [ '5.2.0' ],
2109 silly audit   '@google-cloud/promisify': [ '5.1.0' ],
2109 silly audit   '@opentelemetry/api': [ '1.9.1' ],
2109 silly audit   '@opentelemetry/core': [ '1.30.1' ],
2109 silly audit   '@opentelemetry/semantic-conventions': [ '1.39.0', '1.28.0' ],
2109 silly audit   arrify: [ '2.0.1' ],
2109 silly audit   'google-gax': [ '5.0.8' ],
2109 silly audit   'google-logging-utils': [ '0.0.2', '1.1.3' ],
2109 silly audit   'heap-js': [ '2.7.1' ],
2109 silly audit   'is-stream-ended': [ '0.1.4' ],
2109 silly audit   'lodash.snakecase': [ '4.1.1' ],
2109 silly audit   'p-defer': [ '3.0.0' ],
2109 silly audit   'googleapis-common': [ '8.0.3' ],
2109 silly audit   '@inquirer/checkbox': [ '4.3.2' ],
2109 silly audit   '@inquirer/confirm': [ '5.1.21' ],
2109 silly audit   '@inquirer/editor': [ '4.2.23' ],
2109 silly audit   '@inquirer/expand': [ '4.0.23' ],
2109 silly audit   '@inquirer/input': [ '4.3.1' ],
2109 silly audit   '@inquirer/number': [ '3.0.23' ],
2109 silly audit   '@inquirer/password': [ '4.0.23' ],
2109 silly audit   '@inquirer/rawlist': [ '4.1.11' ],
2109 silly audit   '@inquirer/search': [ '3.2.2' ],
2109 silly audit   '@inquirer/select': [ '4.4.2' ],
2109 silly audit   '@inquirer/ansi': [ '1.0.2' ],
2109 silly audit   '@inquirer/core': [ '10.3.2' ],
2109 silly audit   '@inquirer/figures': [ '1.0.15' ],
2109 silly audit   '@inquirer/type': [ '3.0.10' ],
2109 silly audit   'yoctocolors-cjs': [ '2.1.3' ],
2109 silly audit   '@inquirer/external-editor': [ '1.0.3' ],
2109 silly audit   '@hono/node-server': [ '2.1.0' ],
2109 silly audit   eventsource: [ '3.0.7' ],
2109 silly audit   'eventsource-parser': [ '3.1.0' ],
2109 silly audit   'express-rate-limit': [ '8.6.2' ],
2109 silly audit   hono: [ '4.13.1' ],
2109 silly audit   jose: [ '6.2.8' ],
2109 silly audit   'json-schema-typed': [ '8.0.2' ],
2109 silly audit   'pkce-challenge': [ '5.0.1' ],
2109 silly audit   'zod-to-json-schema': [ '3.25.2' ],
2109 silly audit   'event-target-shim': [ '5.0.1' ],
2109 silly audit   'archiver-utils': [ '5.0.2' ],
2109 silly audit   async: [ '3.2.6' ],
2109 silly audit   'buffer-crc32': [ '1.0.0' ],
2109 silly audit   'readdir-glob': [ '1.1.3' ],
2109 silly audit   'tar-stream': [ '3.2.0' ],
2109 silly audit   'zip-stream': [ '6.0.1' ],
2109 silly audit   lazystream: [ '1.0.1' ],
2109 silly audit   'json-parse-helpfulerror': [ '1.0.3' ],
2109 silly audit   'dot-prop': [ '5.3.0' ],
2109 silly audit   'unique-string': [ '2.0.0' ],
2109 silly audit   'write-file-atomic': [ '3.0.3' ],
2109 silly audit   'xdg-basedir': [ '4.0.0' ],
2109 silly audit   'is-obj': [ '2.0.0' ],
2109 silly audit   '@apidevtools/json-schema-ref-parser': [ '9.1.2' ],
2109 silly audit   'deep-freeze': [ '0.0.1' ],
2109 silly audit   'events-listener': [ '1.1.0' ],
2109 silly audit   'json-ptr': [ '3.1.1' ],
2109 silly audit   'openapi3-ts': [ '3.2.0' ],
2109 silly audit   'promise-breaker': [ '6.0.0' ],
2109 silly audit   '@jsdevtools/ono': [ '7.1.3' ],
2109 silly audit   'call-me-maybe': [ '1.0.2' ],
2109 silly audit   'ecdsa-sig-formatter': [ '1.0.11' ],
2109 silly audit   'gcp-metadata': [ '6.1.1', '8.1.2', '8.1.4' ],
2109 silly audit   gtoken: [ '7.1.0', '8.0.0' ],
2109 silly audit   jws: [ '4.0.1' ],
2109 silly audit   'json-bigint': [ '1.0.0' ],
2109 silly audit   duplexify: [ '4.1.3' ],
2109 silly audit   'object-hash': [ '3.0.0' ],
2109 silly audit   'proto3-json-serializer': [ '3.0.4' ],
2109 silly audit   'retry-request': [ '8.0.4' ],
2109 silly audit   'end-of-stream': [ '1.4.5' ],
2109 silly audit   'stream-shift': [ '1.0.3' ],
2109 silly audit   'url-template': [ '2.0.8' ],
2109 silly audit   'bignumber.js': [ '9.3.1' ],
2109 silly audit   jju: [ '1.4.0' ],
2109 silly audit   'lodash.includes': [ '4.3.0' ],
2109 silly audit   'lodash.isboolean': [ '3.0.3' ],
2109 silly audit   'lodash.isinteger': [ '4.0.4' ],
2109 silly audit   'lodash.isnumber': [ '3.0.3' ],
2109 silly audit   'lodash.isplainobject': [ '4.0.6' ],
2109 silly audit   'lodash.isstring': [ '4.0.1' ],
2109 silly audit   'lodash.once': [ '4.1.1' ],
2109 silly audit   jwa: [ '2.0.1' ],
2109 silly audit   'buffer-equal-constant-time': [ '1.0.1' ],
2109 silly audit   libsodium: [ '0.7.16' ],
2109 silly audit   'cli-highlight': [ '2.1.11' ],
2109 silly audit   'node-emoji': [ '2.2.0' ],
2109 silly audit   'supports-hyperlinks': [ '3.2.0' ],
2109 silly audit   'highlight.js': [ '10.7.3' ],
2109 silly audit   mz: [ '2.7.0' ],
2109 silly audit   'parse5-htmlparser2-tree-adapter': [ '6.0.1' ],
2109 silly audit   'basic-auth': [ '2.0.1' ],
2109 silly audit   'any-promise': [ '1.3.0' ],
2109 silly audit   'thenify-all': [ '1.6.0' ],
2109 silly audit   '@sindresorhus/is': [ '4.6.0' ],
2109 silly audit   'char-regex': [ '1.0.2' ],
2109 silly audit   emojilib: [ '2.4.0' ],
2109 silly audit   'skin-tone': [ '2.0.0' ],
2109 silly audit   'pg-cloudflare': [ '1.4.0' ],
2109 silly audit   'pg-connection-string': [ '2.14.0' ],
2109 silly audit   'pg-pool': [ '3.14.0' ],
2109 silly audit   'pg-protocol': [ '1.15.0' ],
2109 silly audit   'pg-types': [ '2.2.0' ],
2109 silly audit   pgpass: [ '1.0.5' ],
2109 silly audit   'pg-int8': [ '1.0.1' ],
2109 silly audit   'postgres-array': [ '2.0.0' ],
2109 silly audit   'postgres-bytea': [ '1.0.1' ],
2109 silly audit   'postgres-date': [ '1.0.7' ],
2109 silly audit   'postgres-interval': [ '1.2.0' ],
2109 silly audit   split2: [ '4.2.0' ],
2109 silly audit   xtend: [ '4.0.2' ],
2109 silly audit   'pac-proxy-agent': [ '7.2.0' ],
2109 silly audit   'proxy-from-env': [ '1.1.0' ],
2109 silly audit   '@tootallnate/quickjs-emscripten': [ '0.23.0' ],
2109 silly audit   'get-uri': [ '6.0.5' ],
2109 silly audit   'pac-resolver': [ '7.0.1' ],
2109 silly audit   'basic-ftp': [ '5.3.1' ],
2109 silly audit   'data-uri-to-buffer': [ '6.0.2', '4.0.1' ],
2109 silly audit   degenerator: [ '5.0.1' ],
2109 silly audit   netmask: [ '2.1.1' ],
2109 silly audit   'ast-types': [ '0.13.4' ],
2109 silly audit   'teeny-request': [ '10.1.4' ],
2109 silly audit   'unicode-emoji-modifier-base': [ '1.0.0' ],
2109 silly audit   nearley: [ '2.20.1' ],
2109 silly audit   moo: [ '0.5.3' ],
2109 silly audit   'railroad-diagrams': [ '1.0.0' ],
2109 silly audit   randexp: [ '0.4.6' ],
2109 silly audit   'discontinuous-range': [ '1.0.0' ],
2109 silly audit   ret: [ '0.1.15' ],
2109 silly audit   'basic-auth-connect': [ '1.1.0' ],
2109 silly audit   'glob-slasher': [ '1.0.1' ],
2109 silly audit   'is-url': [ '1.2.4' ],
2109 silly audit   'join-path': [ '1.1.1' ],
2109 silly audit   re2: [ '1.24.0' ],
2109 silly audit   router: [ '2.2.0' ],
2109 silly audit   tsscmp: [ '1.0.6' ],
2109 silly audit   'glob-slash': [ '1.0.0' ],
2109 silly audit   'lodash.isobject': [ '2.4.1' ],
2109 silly audit   toxic: [ '1.0.1' ],
2109 silly audit   'as-array': [ '2.0.0' ],
2109 silly audit   'url-join': [ '0.0.1' ],
2109 silly audit   'valid-url': [ '1.0.9' ],
2109 silly audit   'lodash._objecttypes': [ '2.4.1' ],
2109 silly audit   'install-artifact-from-github': [ '1.7.0' ],
2109 silly audit   nan: [ '2.28.0' ],
2109 silly audit   'is-promise': [ '4.0.0' ],
2109 silly audit   b4a: [ '1.8.1' ],
2109 silly audit   'bare-fs': [ '4.8.0' ],
2109 silly audit   'fast-fifo': [ '1.3.2' ],
2109 silly audit   streamx: [ '2.28.0' ],
2109 silly audit   'bare-events': [ '2.9.1' ],
2109 silly audit   'bare-path': [ '3.1.1' ],
2109 silly audit   'bare-stream': [ '2.13.3' ],
2109 silly audit   'bare-url': [ '2.5.1' ],
2109 silly audit   teex: [ '1.0.1' ],
2109 silly audit   'events-universal': [ '1.0.1' ],
2109 silly audit   'text-decoder': [ '1.2.7' ],
2109 silly audit   is2: [ '2.0.1' ],
2109 silly audit   'deep-is': [ '0.1.4' ],
2109 silly audit   'ip-regex': [ '2.1.0' ],
2109 silly audit   'stream-events': [ '1.0.5' ],
2109 silly audit   stubs: [ '3.0.0' ],
2109 silly audit   thenify: [ '3.3.1' ],
2109 silly audit   'crypto-random-string': [ '2.0.0' ],
2109 silly audit   boxen: [ '5.1.2' ],
2109 silly audit   'has-yarn': [ '2.1.0' ],
2109 silly audit   'import-lazy': [ '2.1.0' ],
2109 silly audit   'is-ci': [ '2.0.0' ],
2109 silly audit   'is-installed-globally': [ '0.4.0' ],
2109 silly audit   'is-npm': [ '5.0.0' ],
2109 silly audit   'is-yarn-global': [ '0.3.0' ],
2109 silly audit   'isomorphic-fetch': [ '3.0.0' ],
2109 silly audit   pupa: [ '2.1.1' ],
2109 silly audit   'registry-auth-token': [ '5.1.1' ],
2109 silly audit   'registry-url': [ '5.1.0' ],
2109 silly audit   'semver-diff': [ '3.1.1' ],
2109 silly audit   'ansi-align': [ '3.0.1' ],
2109 silly audit   'cli-boxes': [ '2.2.1' ],
2109 silly audit   'widest-line': [ '3.1.0' ],
2109 silly audit   'ci-info': [ '2.0.0' ],
2109 silly audit   'global-dirs': [ '3.0.1' ],
2109 silly audit   'is-path-inside': [ '3.0.3' ],
2109 silly audit   'whatwg-fetch': [ '3.6.20' ],
2109 silly audit   'escape-goat': [ '2.1.1' ],
2109 silly audit   '@pnpm/npm-conf': [ '3.0.3' ],
2109 silly audit   '@pnpm/config.env-replace': [ '1.1.0' ],
2109 silly audit   '@pnpm/network.ca-file': [ '1.0.2' ],
2109 silly audit   'config-chain': [ '1.1.13' ],
2109 silly audit   'proto-list': [ '1.2.4' ],
2109 silly audit   rc: [ '1.2.8' ],
2109 silly audit   'deep-extend': [ '0.6.0' ],
2109 silly audit   'strip-json-comments': [ '2.0.1' ],
2109 silly audit   '@dabh/diagnostics': [ '2.0.8' ],
2109 silly audit   logform: [ '2.7.0' ],
2109 silly audit   'one-time': [ '1.0.0' ],
2109 silly audit   'safe-stable-stringify': [ '2.5.0' ],
2109 silly audit   'stack-trace': [ '0.0.10' ],
2109 silly audit   '@so-ric/colorspace': [ '1.1.6' ],
2109 silly audit   enabled: [ '2.0.0' ],
2109 silly audit   kuler: [ '2.0.0' ],
2109 silly audit   color: [ '5.0.3' ],
2109 silly audit   'text-hex': [ '1.0.0' ],
2109 silly audit   'color-string': [ '2.1.4' ],
2109 silly audit   '@types/triple-beam': [ '1.3.5' ],
2109 silly audit   fecha: [ '4.2.3' ],
2109 silly audit   'fn.name': [ '1.1.0' ],
2109 silly audit   'is-typedarray': [ '1.0.0' ],
2109 silly audit   'typedarray-to-buffer': [ '3.1.5' ],
2109 silly audit   'compress-commons': [ '6.0.2' ],
2109 silly audit   'crc-32': [ '1.2.2' ],
2109 silly audit   'crc32-stream': [ '6.0.0' ],
2109 silly audit   'fetch-blob': [ '3.2.0' ],
2109 silly audit   'formdata-polyfill': [ '4.0.10' ],
2109 silly audit   'node-domexception': [ '1.0.0' ],
2109 silly audit   'web-streams-polyfill': [ '3.3.3' ],
2109 silly audit   'fast-uri': [ '3.1.5' ],
2109 silly audit   process: [ '0.11.10' ],
2109 silly audit   '@isaacs/fs-minipass': [ '4.0.1' ],
2109 silly audit   '@js-sdsl/ordered-map': [ '4.4.2' ],
2109 silly audit   environment: [ '1.1.0' ],
2109 silly audit   tinyglobby: [ '0.2.17' ],
2109 silly audit   fdir: [ '6.5.0' ]
2109 silly audit }
2110 verbose reify failed optional dependency /Users/annasahebkute/Documents/My workplace/001 My Product/006 my-stock-portfolio/my-stock-widget/node_modules/@esbuild/win32-x64
2111 silly reify mark deleted [
2111 silly reify   '/Users/annasahebkute/Documents/My workplace/001 My Product/006 my-stock-portfolio/my-stock-widget/node_modules/@esbuild/win32-x64'
2111 silly reify ]
2112 verbose reify failed optional dependency /Users/annasahebkute/Documents/My workplace/001 My Product/006 my-stock-portfolio/my-stock-widget/node_modules/@esbuild/win32-ia32
2113 silly reify mark deleted [
2113 silly reify   '/Users/annasahebkute/Documents/My workplace/001 My Product/006 my-stock-portfolio/my-stock-widget/node_modules/@esbuild/win32-ia32'
2113 silly reify ]
2114 verbose reify failed optional dependency /Users/annasahebkute/Documents/My workplace/001 My Product/006 my-stock-portfolio/my-stock-widget/node_modules/@esbuild/win32-arm64
2115 silly reify mark deleted [
2115 silly reify   '/Users/annasahebkute/Documents/My workplace/001 My Product/006 my-stock-portfolio/my-stock-widget/node_modules/@esbuild/win32-arm64'
2115 silly reify ]
2116 verbose reify failed optional dependency /Users/annasahebkute/Documents/My workplace/001 My Product/006 my-stock-portfolio/my-stock-widget/node_modules/@esbuild/sunos-x64
2117 silly reify mark deleted [
2117 silly reify   '/Users/annasahebkute/Documents/My workplace/001 My Product/006 my-stock-portfolio/my-stock-widget/node_modules/@esbuild/sunos-x64'
2117 silly reify ]
2118 verbose reify failed optional dependency /Users/annasahebkute/Documents/My workplace/001 My Product/006 my-stock-portfolio/my-stock-widget/node_modules/@esbuild/openbsd-x64
2119 silly reify mark deleted [
2119 silly reify   '/Users/annasahebkute/Documents/My workplace/001 My Product/006 my-stock-portfolio/my-stock-widget/node_modules/@esbuild/openbsd-x64'
2119 silly reify ]
2120 verbose reify failed optional dependency /Users/annasahebkute/Documents/My workplace/001 My Product/006 my-stock-portfolio/my-stock-widget/node_modules/@esbuild/netbsd-x64
2121 silly reify mark deleted [
2121 silly reify   '/Users/annasahebkute/Documents/My workplace/001 My Product/006 my-stock-portfolio/my-stock-widget/node_modules/@esbuild/netbsd-x64'
2121 silly reify ]
2122 verbose reify failed optional dependency /Users/annasahebkute/Documents/My workplace/001 My Product/006 my-stock-portfolio/my-stock-widget/node_modules/@esbuild/linux-x64
2123 silly reify mark deleted [
2123 silly reify   '/Users/annasahebkute/Documents/My workplace/001 My Product/006 my-stock-portfolio/my-stock-widget/node_modules/@esbuild/linux-x64'
2123 silly reify ]
2124 verbose reify failed optional dependency /Users/annasahebkute/Documents/My workplace/001 My Product/006 my-stock-portfolio/my-stock-widget/node_modules/@esbuild/linux-s390x
2125 silly reify mark deleted [
2125 silly reify   '/Users/annasahebkute/Documents/My workplace/001 My Product/006 my-stock-portfolio/my-stock-widget/node_modules/@esbuild/linux-s390x'
2125 silly reify ]
2126 verbose reify failed optional dependency /Users/annasahebkute/Documents/My workplace/001 My Product/006 my-stock-portfolio/my-stock-widget/node_modules/@esbuild/linux-riscv64
2127 silly reify mark deleted [
2127 silly reify   '/Users/annasahebkute/Documents/My workplace/001 My Product/006 my-stock-portfolio/my-stock-widget/node_modules/@esbuild/linux-riscv64'
2127 silly reify ]
2128 verbose reify failed optional dependency /Users/annasahebkute/Documents/My workplace/001 My Product/006 my-stock-portfolio/my-stock-widget/node_modules/@esbuild/linux-ppc64
2129 silly reify mark deleted [
2129 silly reify   '/Users/annasahebkute/Documents/My workplace/001 My Product/006 my-stock-portfolio/my-stock-widget/node_modules/@esbuild/linux-ppc64'
2129 silly reify ]
2130 verbose reify failed optional dependency /Users/annasahebkute/Documents/My workplace/001 My Product/006 my-stock-portfolio/my-stock-widget/node_modules/@esbuild/linux-mips64el
2131 silly reify mark deleted [
2131 silly reify   '/Users/annasahebkute/Documents/My workplace/001 My Product/006 my-stock-portfolio/my-stock-widget/node_modules/@esbuild/linux-mips64el'
2131 silly reify ]
2132 verbose reify failed optional dependency /Users/annasahebkute/Documents/My workplace/001 My Product/006 my-stock-portfolio/my-stock-widget/node_modules/@esbuild/linux-loong64
2133 silly reify mark deleted [
2133 silly reify   '/Users/annasahebkute/Documents/My workplace/001 My Product/006 my-stock-portfolio/my-stock-widget/node_modules/@esbuild/linux-loong64'
2133 silly reify ]
2134 verbose reify failed optional dependency /Users/annasahebkute/Documents/My workplace/001 My Product/006 my-stock-portfolio/my-stock-widget/node_modules/@esbuild/linux-ia32
2135 silly reify mark deleted [
2135 silly reify   '/Users/annasahebkute/Documents/My workplace/001 My Product/006 my-stock-portfolio/my-stock-widget/node_modules/@esbuild/linux-ia32'
2135 silly reify ]
2136 verbose reify failed optional dependency /Users/annasahebkute/Documents/My workplace/001 My Product/006 my-stock-portfolio/my-stock-widget/node_modules/@esbuild/linux-arm64
2137 silly reify mark deleted [
2137 silly reify   '/Users/annasahebkute/Documents/My workplace/001 My Product/006 my-stock-portfolio/my-stock-widget/node_modules/@esbuild/linux-arm64'
2137 silly reify ]
2138 verbose reify failed optional dependency /Users/annasahebkute/Documents/My workplace/001 My Product/006 my-stock-portfolio/my-stock-widget/node_modules/@esbuild/linux-arm
2139 silly reify mark deleted [
2139 silly reify   '/Users/annasahebkute/Documents/My workplace/001 My Product/006 my-stock-portfolio/my-stock-widget/node_modules/@esbuild/linux-arm'
2139 silly reify ]
2140 verbose reify failed optional dependency /Users/annasahebkute/Documents/My workplace/001 My Product/006 my-stock-portfolio/my-stock-widget/node_modules/@esbuild/freebsd-x64
2141 silly reify mark deleted [
2141 silly reify   '/Users/annasahebkute/Documents/My workplace/001 My Product/006 my-stock-portfolio/my-stock-widget/node_modules/@esbuild/freebsd-x64'
2141 silly reify ]
2142 verbose reify failed optional dependency /Users/annasahebkute/Documents/My workplace/001 My Product/006 my-stock-portfolio/my-stock-widget/node_modules/@esbuild/freebsd-arm64
2143 silly reify mark deleted [
2143 silly reify   '/Users/annasahebkute/Documents/My workplace/001 My Product/006 my-stock-portfolio/my-stock-widget/node_modules/@esbuild/freebsd-arm64'
2143 silly reify ]
2144 verbose reify failed optional dependency /Users/annasahebkute/Documents/My workplace/001 My Product/006 my-stock-portfolio/my-stock-widget/node_modules/@esbuild/darwin-x64
2145 silly reify mark deleted [
2145 silly reify   '/Users/annasahebkute/Documents/My workplace/001 My Product/006 my-stock-portfolio/my-stock-widget/node_modules/@esbuild/darwin-x64'
2145 silly reify ]
2146 verbose reify failed optional dependency /Users/annasahebkute/Documents/My workplace/001 My Product/006 my-stock-portfolio/my-stock-widget/node_modules/@esbuild/android-x64
2147 silly reify mark deleted [
2147 silly reify   '/Users/annasahebkute/Documents/My workplace/001 My Product/006 my-stock-portfolio/my-stock-widget/node_modules/@esbuild/android-x64'
2147 silly reify ]
2148 verbose reify failed optional dependency /Users/annasahebkute/Documents/My workplace/001 My Product/006 my-stock-portfolio/my-stock-widget/node_modules/@esbuild/android-arm64
2149 silly reify mark deleted [
2149 silly reify   '/Users/annasahebkute/Documents/My workplace/001 My Product/006 my-stock-portfolio/my-stock-widget/node_modules/@esbuild/android-arm64'
2149 silly reify ]
2150 verbose reify failed optional dependency /Users/annasahebkute/Documents/My workplace/001 My Product/006 my-stock-portfolio/my-stock-widget/node_modules/@esbuild/android-arm
2151 silly reify mark deleted [
2151 silly reify   '/Users/annasahebkute/Documents/My workplace/001 My Product/006 my-stock-portfolio/my-stock-widget/node_modules/@esbuild/android-arm'
2151 silly reify ]
2152 http fetch POST 200 https://registry.npmjs.org/-/npm/v1/security/advisories/bulk 890ms
2153 silly audit report {
2153 silly audit report   '@angular/common': [
2153 silly audit report     {
2153 silly audit report       id: 1120387,
2153 silly audit report       url: 'https://github.com/advisories/GHSA-58c5-g7wp-6w37',
2153 silly audit report       title: 'Angular is Vulnerable to XSRF Token Leakage via Protocol-Relative URLs in Angular HTTP Client',
2153 silly audit report       severity: 'high',
2153 silly audit report       vulnerable_versions: '<19.2.16',
2153 silly audit report       cwe: [Array],
2153 silly audit report       cvss: [Object]
2153 silly audit report     },
2153 silly audit report     {
2153 silly audit report       id: 1130677,
2153 silly audit report       url: 'https://github.com/advisories/GHSA-jhpw-976m-542j',
2153 silly audit report       title: 'Angular: Cache-Key Ambiguity in HttpTransferCache Leading to Cross-Request Response Reuse and State Poisoning',
2153 silly audit report       severity: 'high',
2153 silly audit report       vulnerable_versions: '<=19.2.25',
2153 silly audit report       cwe: [Array],
2153 silly audit report       cvss: [Object]
2153 silly audit report     },
2153 silly audit report     {
2153 silly audit report       id: 1123497,
2153 silly audit report       url: 'https://github.com/advisories/GHSA-48r7-hpm6-gfxm',
2153 silly audit report       title: '@angular/common: Denial of Service (DoS) via OOM in Date Formatting (formatDate)',
2153 silly audit report       severity: 'high',
2153 silly audit report       vulnerable_versions: '<=19.2.25',
2153 silly audit report       cwe: [Array],
2153 silly audit report       cvss: [Object]
2153 silly audit report     },
2153 silly audit report     {
2153 silly audit report       id: 1123501,
2153 silly audit report       url: 'https://github.com/advisories/GHSA-39pv-4j6c-2g6v',
2153 silly audit report       title: '@angular/common: Weak 32-Bit Cache Key Hashing in `HttpTransferCache` Leading to Cross-Request Data Leakage and State Poisoning',
2153 silly audit report       severity: 'high',
2153 silly audit report       vulnerable_versions: '<=19.2.25',
2153 silly audit report       cwe: [Array],
2153 silly audit report       cvss: [Object]
2153 silly audit report     },
2153 silly audit report     {
2153 silly audit report       id: 1123536,
2153 silly audit report       url: 'https://github.com/advisories/GHSA-p3vc-36g9-x9gr',
2153 silly audit report       title: '@angular/common: Denial of Service (DoS) via OOM in Number Formatting (digitsInfo)',
2153 silly audit report       severity: 'high',
2153 silly audit report       vulnerable_versions: '<=18.2.14',
2153 silly audit report       cwe: [Array],
2153 silly audit report       cvss: [Object]
2153 silly audit report     },
2153 silly audit report     {
2153 silly audit report       id: 1123541,
2153 silly audit report       url: 'https://github.com/advisories/GHSA-q6f4-qqrg-jv6x',
2153 silly audit report       title: '@angular/common: Information Leak via Default Caching of Credentialed Requests in HttpTransferCache',
2153 silly audit report       severity: 'high',
2153 silly audit report       vulnerable_versions: '<=18.2.14',
2153 silly audit report       cwe: [Array],
2153 silly audit report       cvss: [Object]
2153 silly audit report     }
2153 silly audit report   ],
2153 silly audit report   '@angular/compiler': [
2153 silly audit report     {
2153 silly audit report       id: 1120372,
2153 silly audit report       url: 'https://github.com/advisories/GHSA-jrmj-c5cx-3cw6',
2153 silly audit report       title: 'Angular has XSS Vulnerability via Unsanitized SVG Script Attributes',
2153 silly audit report       severity: 'high',
2153 silly audit report       vulnerable_versions: '<=18.2.14',
2153 silly audit report       cwe: [Array],
2153 silly audit report       cvss: [Object]
2153 silly audit report     },
2153 silly audit report     {
2153 silly audit report       id: 1120383,
2153 silly audit report       url: 'https://github.com/advisories/GHSA-v4hv-rgfq-gp49',
2153 silly audit report       title: 'Angular Stored XSS Vulnerability via SVG Animation, SVG URL and MathML Attributes',
2153 silly audit report       severity: 'high',
2153 silly audit report       vulnerable_versions: '<=18.2.14',
2153 silly audit report       cwe: [Array],
2153 silly audit report       cvss: [Object]
2153 silly audit report     },
2153 silly audit report     {
2153 silly audit report       id: 1130697,
2153 silly audit report       url: 'https://github.com/advisories/GHSA-jj27-h5hq-8x99',
2153 silly audit report       title: 'Angular i18n: Cross-Site Scripting (XSS) via event-handler attributes',
2153 silly audit report       severity: 'high',
2153 silly audit report       vulnerable_versions: '<=19.2.25',
2153 silly audit report       cwe: [Array],
2153 silly audit report       cvss: [Object]
2153 silly audit report     },
2153 silly audit report     {
2153 silly audit report       id: 1123505,
2153 silly audit report       url: 'https://github.com/advisories/GHSA-58w9-8g37-x9v5',
2153 silly audit report       title: '@angular/compiler: Two-Way Property Binding Sanitization Bypass (XSS)',
2153 silly audit report       severity: 'moderate',
2153 silly audit report       vulnerable_versions: '<=19.2.25',
2153 silly audit report       cwe: [Array],
2153 silly audit report       cvss: [Object]
2153 silly audit report     },
2153 silly audit report     {
2153 silly audit report       id: 1123509,
2153 silly audit report       url: 'https://github.com/advisories/GHSA-f3m7-gqxr-g87x',
2153 silly audit report       title: 'Angular: Template and Attribute Namespace Sanitization Bypass (XSS)',
2153 silly audit report       severity: 'moderate',
2153 silly audit report       vulnerable_versions: '<=18.2.14',
2153 silly audit report       cwe: [Array],
2153 silly audit report       cvss: [Object]
2153 silly audit report     }
2153 silly audit report   ],
2153 silly audit report   '@babel/core': [
2153 silly audit report     {
2153 silly audit report       id: 1123528,
2153 silly audit report       url: 'https://github.com/advisories/GHSA-4x5r-pxfx-6jf8',
2153 silly audit report       title: '@babel/core: Arbitrary File Read via sourceMappingURL Comment',
2153 silly audit report       severity: 'low',
2153 silly audit report       vulnerable_versions: '<=7.29.0',
2153 silly audit report       cwe: [Array],
2153 silly audit report       cvss: [Object]
2153 silly audit report     }
2153 silly audit report   ],
2153 silly audit report   '@angular/core': [
2153 silly audit report     {
2153 silly audit report       id: 1113587,
2153 silly audit report       url: 'https://github.com/advisories/GHSA-prjf-86w9-mfqv',
2153 silly audit report       title: 'Angular i18n vulnerable to Cross-Site Scripting',
2153 silly audit report       severity: 'high',
2153 silly audit report       vulnerable_versions: '<=18.2.14',
2153 silly audit report       cwe: [Array],
2153 silly audit report       cvss: [Object]
2153 silly audit report     },
2153 silly audit report     {
2153 silly audit report       id: 1120371,
2153 silly audit report       url: 'https://github.com/advisories/GHSA-jrmj-c5cx-3cw6',
2153 silly audit report       title: 'Angular has XSS Vulnerability via Unsanitized SVG Script Attributes',
2153 silly audit report       severity: 'high',
2153 silly audit report       vulnerable_versions: '<=18.2.14',
2153 silly audit report       cwe: [Array],
2153 silly audit report       cvss: [Object]
2153 silly audit report     },
2153 silly audit report     {
2153 silly audit report       id: 1130693,
2153 silly audit report       url: 'https://github.com/advisories/GHSA-jj27-h5hq-8x99',
2153 silly audit report       title: 'Angular i18n: Cross-Site Scripting (XSS) via event-handler attributes',
2153 silly audit report       severity: 'high',
2153 silly audit report       vulnerable_versions: '<=19.2.25',
2153 silly audit report       cwe: [Array],
2153 silly audit report       cvss: [Object]
2153 silly audit report     },
2153 silly audit report     {
2153 silly audit report       id: 1123514,
2153 silly audit report       url: 'https://github.com/advisories/GHSA-f3m7-gqxr-g87x',
2153 silly audit report       title: 'Angular: Template and Attribute Namespace Sanitization Bypass (XSS)',
2153 silly audit report       severity: 'moderate',
2153 silly audit report       vulnerable_versions: '<=18.2.14',
2153 silly audit report       cwe: [Array],
2153 silly audit report       cvss: [Object]
2153 silly audit report     },
2153 silly audit report     {
2153 silly audit report       id: 1123546,
2153 silly audit report       url: 'https://github.com/advisories/GHSA-692r-grfm-v8x7',
2153 silly audit report       title: '@angular/core: Angular Template and Dynamic Component Namespace Bypass leading to Cross-Site Scripting (XSS)',
2153 silly audit report       severity: 'moderate',
2153 silly audit report       vulnerable_versions: '<=18.2.14',
2153 silly audit report       cwe: [Array],
2153 silly audit report       cvss: [Object]
2153 silly audit report     },
2153 silly audit report     {
2153 silly audit report       id: 1123560,
2153 silly audit report       url: 'https://github.com/advisories/GHSA-rgjc-h3x7-9mwg',
2153 silly audit report       title: 'Angular Client Hydration DOM Clobbering & Response-Cache Poisoning',
2153 silly audit report       severity: 'high',
2153 silly audit report       vulnerable_versions: '<=19.2.25',
2153 silly audit report       cwe: [Array],
2153 silly audit report       cvss: [Object]
2153 silly audit report     }
2153 silly audit report   ],
2153 silly audit report   '@babel/runtime': [
2153 silly audit report     {
2153 silly audit report       id: 1104000,
2153 silly audit report       url: 'https://github.com/advisories/GHSA-968p-4wvh-cqc8',
2153 silly audit report       title: 'Babel has inefficient RegExp complexity in generated code with .replace when transpiling named capturing groups',
2153 silly audit report       severity: 'moderate',
2153 silly audit report       vulnerable_versions: '<7.26.10',
2153 silly audit report       cwe: [Array],
2153 silly audit report       cvss: [Object]
2153 silly audit report     }
2153 silly audit report   ],
2153 silly audit report   '@tootallnate/once': [
2153 silly audit report     {
2153 silly audit report       id: 1119438,
2153 silly audit report       url: 'https://github.com/advisories/GHSA-vpq2-c234-7xj6',
2153 silly audit report       title: '@tootallnate/once vulnerable to Incorrect Control Flow Scoping',
2153 silly audit report       severity: 'low',
2153 silly audit report       vulnerable_versions: '<2.0.1',
2153 silly audit report       cwe: [Array],
2153 silly audit report       cvss: [Object]
2153 silly audit report     }
2153 silly audit report   ],
2153 silly audit report   ajv: [
2153 silly audit report     {
2153 silly audit report       id: 1113715,
2153 silly audit report       url: 'https://github.com/advisories/GHSA-2g4f-4pwh-qvx6',
2153 silly audit report       title: 'ajv has ReDoS when using `$data` option',
2153 silly audit report       severity: 'moderate',
2153 silly audit report       vulnerable_versions: '>=7.0.0-alpha.0 <8.18.0',
2153 silly audit report       cwe: [Array],
2153 silly audit report       cvss: [Object]
2153 silly audit report     }
2153 silly audit report   ],
2153 silly audit report   esbuild: [
2153 silly audit report     {
2153 silly audit report       id: 1102341,
2153 silly audit report       url: 'https://github.com/advisories/GHSA-67mh-4wv8-2f99',
2153 silly audit report       title: 'esbuild enables any website to send any requests to the development server and read the response',
2153 silly audit report       severity: 'moderate',
2153 silly audit report       vulnerable_versions: '<=0.24.2',
2153 silly audit report       cwe: [Array],
2153 silly audit report       cvss: [Object]
2153 silly audit report     }
2153 silly audit report   ],
2153 silly audit report   tmp: [
2153 silly audit report     {
2153 silly audit report       id: 1109537,
2153 silly audit report       url: 'https://github.com/advisories/GHSA-52f5-9888-hmc6',
2153 silly audit report       title: 'tmp allows arbitrary temporary file / directory write via symbolic link `dir` parameter',
2153 silly audit report       severity: 'low',
2153 silly audit report       vulnerable_versions: '<=0.2.3',
2153 silly audit report       cwe: [Array],
2153 silly audit report       cvss: [Object]
2153 silly audit report     },
2153 silly audit report     {
2153 silly audit report       id: 1120654,
2153 silly audit report       url: 'https://github.com/advisories/GHSA-ph9p-34f9-6g65',
2153 silly audit report       title: 'tmp has Path Traversal via unsanitized prefix/postfix that enables directory escape',
2153 silly audit report       severity: 'high',
2153 silly audit report       vulnerable_versions: '<0.2.6',
2153 silly audit report       cwe: [Array],
2153 silly audit report       cvss: [Object]
2153 silly audit report     }
2153 silly audit report   ],
2153 silly audit report   picomatch: [
2153 silly audit report     {
2153 silly audit report       id: 1115549,
2153 silly audit report       url: 'https://github.com/advisories/GHSA-3v7f-55p6-f55p',
2153 silly audit report       title: 'Picomatch: Method Injection in POSIX Character Classes causes incorrect Glob Matching',
2153 silly audit report       severity: 'moderate',
2153 silly audit report       vulnerable_versions: '<2.3.2',
2153 silly audit report       cwe: [Array],
2153 silly audit report       cvss: [Object]
2153 silly audit report     },
2153 silly audit report     {
2153 silly audit report       id: 1115552,
2153 silly audit report       url: 'https://github.com/advisories/GHSA-c2c7-rcm5-vvqj',
2153 silly audit report       title: 'Picomatch has a ReDoS vulnerability via extglob quantifiers',
2153 silly audit report       severity: 'high',
2153 silly audit report       vulnerable_versions: '<2.3.2',
2153 silly audit report       cwe: [Array],
2153 silly audit report       cvss: [Object]
2153 silly audit report     }
2153 silly audit report   ],
2153 silly audit report   piscina: [
2153 silly audit report     {
2153 silly audit report       id: 1121167,
2153 silly audit report       url: 'https://github.com/advisories/GHSA-x9g3-xrwr-cwfg',
2153 silly audit report       title: 'piscina: Prototype Pollution Gadget → RCE via inherited options.filename',
2153 silly audit report       severity: 'high',
2153 silly audit report       vulnerable_versions: '<=4.9.2',
2153 silly audit report       cwe: [Array],
2153 silly audit report       cvss: [Object]
2153 silly audit report     }
2153 silly audit report   ],
2153 silly audit report   postcss: [
2153 silly audit report     {
2153 silly audit report       id: 1130709,
2153 silly audit report       url: 'https://github.com/advisories/GHSA-fxqj-rqcc-2cmp',
2153 silly audit report       title: 'PostCSS: incomplete fix of GHSA-6g55-p6wh-862q — attacker-controlled sourceMappingURL reads arbitrary .map files when `from` is unset',
2153 silly audit report       severity: 'moderate',
2153 silly audit report       vulnerable_versions: '<=8.5.22',
2153 silly audit report       cwe: [Array],
2153 silly audit report       cvss: [Object]
2153 silly audit report     },
2153 silly audit report     {
2153 silly audit report       id: 1117015,
2153 silly audit report       url: 'https://github.com/advisories/GHSA-qx2v-qp2m-jg93',
2153 silly audit report       title: 'PostCSS has XSS via Unescaped </style> in its CSS Stringify Output',
2153 silly audit report       severity: 'moderate',
2153 silly audit report       vulnerable_versions: '<8.5.10',
2153 silly audit report       cwe: [Array],
2153 silly audit report       cvss: [Object]
2153 silly audit report     },
2153 silly audit report     {
2153 silly audit report       id: 1124252,
2153 silly audit report       url: 'https://github.com/advisories/GHSA-6g55-p6wh-862q',
2153 silly audit report       title: 'PostCSS: Arbitrary file read and information disclosure via attacker-controlled sourceMappingURL in CSS comments',
2153 silly audit report       severity: 'high',
2153 silly audit report       vulnerable_versions: '<=8.5.11',
2153 silly audit report       cwe: [Array],
2153 silly audit report       cvss: [Object]
2153 silly audit report     },
2153 silly audit report     {
2153 silly audit report       id: 1124288,
2153 silly audit report       url: 'https://github.com/advisories/GHSA-r28c-9q8g-f849',
2153 silly audit report       title: 'PostCSS: Path Traversal in Previous Source Map Auto-Loading (sourceMappingURL) leads to Arbitrary .map File Disclosure',
2153 silly audit report       severity: 'high',
2153 silly audit report       vulnerable_versions: '<=8.5.17',
2153 silly audit report       cwe: [Array],
2153 silly audit report       cvss: [Object]
2153 silly audit report     }
2153 silly audit report   ],
2153 silly audit report   'serialize-javascript': [
2153 silly audit report     {
2153 silly audit report       id: 1119440,
2153 silly audit report       url: 'https://github.com/advisories/GHSA-qj8w-gfj5-8c6v',
2153 silly audit report       title: 'Serialize JavaScript has CPU Exhaustion Denial of Service via crafted array-like objects',
2153 silly audit report       severity: 'moderate',
2153 silly audit report       vulnerable_versions: '>=5.0.0 <7.0.5',
2153 silly audit report       cwe: [Array],
2153 silly audit report       cvss: [Object]
2153 silly audit report     },
2153 silly audit report     {
2153 silly audit report       id: 1113686,
2153 silly audit report       url: 'https://github.com/advisories/GHSA-5c6j-r48x-rmvq',
2153 silly audit report       title: 'Serialize JavaScript is Vulnerable to RCE via RegExp.flags and Date.prototype.toISOString()',
2153 silly audit report       severity: 'high',
2153 silly audit report       vulnerable_versions: '<=7.0.2',
2153 silly audit report       cwe: [Array],
2153 silly audit report       cvss: [Object]
2153 silly audit report     }
2153 silly audit report   ],
2153 silly audit report   sigstore: [
2153 silly audit report     {
2153 silly audit report       id: 1122163,
2153 silly audit report       url: 'https://github.com/advisories/GHSA-52v5-jr5w-gjxr',
2153 silly audit report       title: "sigstore's `certificateOIDs` verification constraints are silently dropped and never enforced",
2153 silly audit report       severity: 'high',
2153 silly audit report       vulnerable_versions: '<=4.1.0',
2153 silly audit report       cwe: [Array],
2153 silly audit report       cvss: [Object]
2153 silly audit report     }
2153 silly audit report   ],
2153 silly audit report   tar: [
2153 silly audit report     {
2153 silly audit report       id: 1112659,
2153 silly audit report       url: 'https://github.com/advisories/GHSA-34x7-hfp2-rc4v',
2153 silly audit report       title: 'node-tar Vulnerable to Arbitrary File Creation/Overwrite via Hardlink Path Traversal',
2153 silly audit report       severity: 'high',
2153 silly audit report       vulnerable_versions: '<7.5.7',
2153 silly audit report       cwe: [Array],
2153 silly audit report       cvss: [Object]
2153 silly audit report     },
2153 silly audit report     {
2153 silly audit report       id: 1113300,
2153 silly audit report       url: 'https://github.com/advisories/GHSA-8qq5-rm4j-mr97',
2153 silly audit report       title: 'node-tar is Vulnerable to Arbitrary File Overwrite and Symlink Poisoning via Insufficient Path Sanitization',
2153 silly audit report       severity: 'high',
2153 silly audit report       vulnerable_versions: '<=7.5.2',
2153 silly audit report       cwe: [Array],
2153 silly audit report       cvss: [Object]
2153 silly audit report     },
2153 silly audit report     {
2153 silly audit report       id: 1113375,
2153 silly audit report       url: 'https://github.com/advisories/GHSA-83g3-92jg-28cx',
2153 silly audit report       title: 'Arbitrary File Read/Write via Hardlink Target Escape Through Symlink Chain in node-tar Extraction',
2153 silly audit report       severity: 'high',
2153 silly audit report       vulnerable_versions: '<7.5.8',
2153 silly audit report       cwe: [Array],
2153 silly audit report       cvss: [Object]
2153 silly audit report     },
2153 silly audit report     {
2153 silly audit report       id: 1114200,
2153 silly audit report       url: 'https://github.com/advisories/GHSA-qffp-2rhf-9h96',
2153 silly audit report       title: 'tar has Hardlink Path Traversal via Drive-Relative Linkpath',
2153 silly audit report       severity: 'high',
2153 silly audit report       vulnerable_versions: '<=7.5.9',
2153 silly audit report       cwe: [Array],
2153 silly audit report       cvss: [Object]
2153 silly audit report     },
2153 silly audit report     {
2153 silly audit report       id: 1114302,
2153 silly audit report       url: 'https://github.com/advisories/GHSA-9ppj-qmqm-q256',
2153 silly audit report       title: 'node-tar Symlink Path Traversal via Drive-Relative Linkpath',
2153 silly audit report       severity: 'high',
2153 silly audit report       vulnerable_versions: '<=7.5.10',
2153 silly audit report       cwe: [Array],
2153 silly audit report       cvss: [Object]
2153 silly audit report     },
2153 silly audit report     {
2153 silly audit report       id: 1120782,
2153 silly audit report       url: 'https://github.com/advisories/GHSA-vmf3-w455-68vh',
2153 silly audit report       title: 'node-tar applies PAX size override to intermediary GNU long-name/long-link headers, causing tar parser interpretation differential (file smuggling)',
2153 silly audit report       severity: 'moderate',
2153 silly audit report       vulnerable_versions: '<=7.5.15',
2153 silly audit report       cwe: [Array],
2153 silly audit report       cvss: [Object]
2153 silly audit report     },
2153 silly audit report     {
2153 silly audit report       id: 1114680,
2153 silly audit report       url: 'https://github.com/advisories/GHSA-r6q2-hw4h-h46w',
2153 silly audit report       title: 'Race Condition in node-tar Path Reservations via Unicode Ligature Collisions on macOS APFS',
2153 silly audit report       severity: 'high',
2153 silly audit report       vulnerable_versions: '<=7.5.3',
2153 silly audit report       cwe: [Array],
2153 silly audit report       cvss: [Object]
2153 silly audit report     },
2153 silly audit report     {
2153 silly audit report       id: 1123939,
2153 silly audit report       url: 'https://github.com/advisories/GHSA-w8wr-v893-vjvp',
2153 silly audit report       title: 'node-tar: Process crash via PAX numeric path type confusion',
2153 silly audit report       severity: 'moderate',
2153 silly audit report       vulnerable_versions: '<=7.5.17',
2153 silly audit report       cwe: [Array],
2153 silly audit report       cvss: [Object]
2153 silly audit report     },
2153 silly audit report     {
2153 silly audit report       id: 1123940,
2153 silly audit report       url: 'https://github.com/advisories/GHSA-23hp-3jrh-7fpw',
2153 silly audit report       title: 'node-tar: Decompression/parse DoS via unlimited input',
2153 silly audit report       severity: 'critical',
2153 silly audit report       vulnerable_versions: '<=7.5.18',
2153 silly audit report       cwe: [Array],
2153 silly audit report       cvss: [Object]
2153 silly audit report     },
2153 silly audit report     {
2153 silly audit report       id: 1123941,
2153 silly audit report       url: 'https://github.com/advisories/GHSA-8x88-c5mf-7j5w',
2153 silly audit report       title: 'node-tar: Negative tar entry size causes infinite loop in archive replace',
2153 silly audit report       severity: 'high',
2153 silly audit report       vulnerable_versions: '<=7.5.17',
2153 silly audit report       cwe: [Array],
2153 silly audit report       cvss: [Object]
2153 silly audit report     },
2153 silly audit report     {
2153 silly audit report       id: 1123942,
2153 silly audit report       url: 'https://github.com/advisories/GHSA-gvwx-54wh-qm9j',
2153 silly audit report       title: 'node-tar: Uncaught Exception DoS via NUL byte in PAX path/linkpath records',
2153 silly audit report       severity: 'moderate',
2153 silly audit report       vulnerable_versions: '<=7.5.16',
2153 silly audit report       cwe: [Array],
2153 silly audit report       cvss: [Object]
2153 silly audit report     },
2153 silly audit report     {
2153 silly audit report       id: 1124287,
2153 silly audit report       url: 'https://github.com/advisories/GHSA-r292-9mhp-454m',
2153 silly audit report       title: 'node-tar: Uncontrolled recursion in mapHas/filesFilter allows uncatchable stack-overflow DoS via crafted long-path tar with member selection',
2153 silly audit report       severity: 'moderate',
2153 silly audit report       vulnerable_versions: '<=7.5.20',
2153 silly audit report       cwe: [Array],
2153 silly audit report       cvss: [Object]
2153 silly audit report     }
2153 silly audit report   ],
2153 silly audit report   uuid: [
2153 silly audit report     {
2153 silly audit report       id: 1119441,
2153 silly audit report       url: 'https://github.com/advisories/GHSA-w5hq-g745-h8pq',
2153 silly audit report       title: 'uuid: Missing buffer bounds check in v3/v5/v6 when buf is provided',
2153 silly audit report       severity: 'moderate',
2153 silly audit report       vulnerable_versions: '<11.1.1',
2153 silly audit report       cwe: [Array],
2153 silly audit report       cvss: [Object]
2153 silly audit report     }
2153 silly audit report   ],
2153 silly audit report   vite: [
2153 silly audit report     {
2153 silly audit report       id: 1102436,
2153 silly audit report       url: 'https://github.com/advisories/GHSA-vg6x-rcgg-rjx6',
2153 silly audit report       title: 'Websites were able to send any requests to the development server and read the response in vite',
2153 silly audit report       severity: 'moderate',
2153 silly audit report       vulnerable_versions: '<=4.5.5',
2153 silly audit report       cwe: [Array],
2153 silly audit report       cvss: [Object]
2153 silly audit report     },
2153 silly audit report     {
2153 silly audit report       id: 1103516,
2153 silly audit report       url: 'https://github.com/advisories/GHSA-x574-m823-4x7w',
2153 silly audit report       title: 'Vite bypasses server.fs.deny when using ?raw??',
2153 silly audit report       severity: 'moderate',
2153 silly audit report       vulnerable_versions: '<4.5.10',
2153 silly audit report       cwe: [Array],
2153 silly audit report       cvss: [Object]
2153 silly audit report     },
2153 silly audit report     {
2153 silly audit report       id: 1103883,
2153 silly audit report       url: 'https://github.com/advisories/GHSA-356w-63v5-8wf4',
2153 silly audit report       title: 'Vite has an `server.fs.deny` bypass with an invalid `request-target`',
2153 silly audit report       severity: 'moderate',
2153 silly audit report       vulnerable_versions: '<4.5.13',
2153 silly audit report       cwe: [Array],
2153 silly audit report       cvss: [Object]
2153 silly audit report     },
2153 silly audit report     {
2153 silly audit report       id: 1104172,
2153 silly audit report       url: 'https://github.com/advisories/GHSA-859w-5945-r5v3',
2153 silly audit report       title: "Vite's server.fs.deny bypassed with /. for files under project root",
2153 silly audit report       severity: 'moderate',
2153 silly audit report       vulnerable_versions: '<=4.5.13',
2153 silly audit report       cwe: [Array],
2153 silly audit report       cvss: [Object]
2153 silly audit report     },
2153 silly audit report     {
2153 silly audit report       id: 1104201,
2153 silly audit report       url: 'https://github.com/advisories/GHSA-xcj6-pq6g-qj4x',
2153 silly audit report       title: 'Vite allows server.fs.deny to be bypassed with .svg or relative paths',
2153 silly audit report       severity: 'moderate',
2153 silly audit report       vulnerable_versions: '<4.5.12',
2153 silly audit report       cwe: [Array],
2153 silly audit report       cvss: [Object]
2153 silly audit report     },
2153 silly audit report     {
2153 silly audit report       id: 1107323,
2153 silly audit report       url: 'https://github.com/advisories/GHSA-g4jq-h2w9-997c',
2153 silly audit report       title: 'Vite middleware may serve files starting with the same name with the public directory',
2153 silly audit report       severity: 'low',
2153 silly audit report       vulnerable_versions: '<=5.4.19',
2153 silly audit report       cwe: [Array],
2153 silly audit report       cvss: [Object]
2153 silly audit report     },
2153 silly audit report     {
2153 silly audit report       id: 1107327,
2153 silly audit report       url: 'https://github.com/advisories/GHSA-jqfw-vq24-v9c3',
2153 silly audit report       title: "Vite's `server.fs` settings were not applied to HTML files",
2153 silly audit report       severity: 'low',
2153 silly audit report       vulnerable_versions: '<=5.4.19',
2153 silly audit report       cwe: [Array],
2153 silly audit report       cvss: [Object]
2153 silly audit report     },
2153 silly audit report     {
2153 silly audit report       id: 1109132,
2153 silly audit report       url: 'https://github.com/advisories/GHSA-93m4-6634-74q7',
2153 silly audit report       title: 'vite allows server.fs.deny bypass via backslash on Windows',
2153 silly audit report       severity: 'moderate',
2153 silly audit report       vulnerable_versions: '>=4.5.3 <5.0.0',
2153 silly audit report       cwe: [Array],
2153 silly audit report       cvss: [Object]
2153 silly audit report     },
2153 silly audit report     {
2153 silly audit report       id: 1112510,
2153 silly audit report       url: 'https://github.com/advisories/GHSA-4r4m-qw57-chr8',
2153 silly audit report       title: 'Vite has a `server.fs.deny` bypassed for `inline` and `raw` with `?import` query',
2153 silly audit report       severity: 'moderate',
2153 silly audit report       vulnerable_versions: '<4.5.11',
2153 silly audit report       cwe: [Array],
2153 silly audit report       cvss: [Object]
2153 silly audit report     },
2153 silly audit report     {
2153 silly audit report       id: 1120061,
2153 silly audit report       url: 'https://github.com/advisories/GHSA-c27g-q93r-2cwf',
2153 silly audit report       title: 'launch-editor vulnerable to command injection via the crafted request on Windows',
2153 silly audit report       severity: 'high',
2153 silly audit report       vulnerable_versions: '<=5.4.8',
2153 silly audit report       cwe: [Array],
2153 silly audit report       cvss: [Object]
2153 silly audit report     },
2153 silly audit report     {
2153 silly audit report       id: 1120784,
2153 silly audit report       url: 'https://github.com/advisories/GHSA-v6wh-96g9-6wx3',
2153 silly audit report       title: 'launch-editor: NTLMv2 hash disclosure via UNC path handling on Windows',
2153 silly audit report       severity: 'moderate',
2153 silly audit report       vulnerable_versions: '<=6.4.2',
2153 silly audit report       cwe: [Array],
2153 silly audit report       cvss: [Object]
2153 silly audit report     },
2153 silly audit report     {
2153 silly audit report       id: 1116229,
2153 silly audit report       url: 'https://github.com/advisories/GHSA-4w7w-66w2-5vf9',
2153 silly audit report       title: 'Vite Vulnerable to Path Traversal in Optimized Deps `.map` Handling',
2153 silly audit report       severity: 'moderate',
2153 silly audit report       vulnerable_versions: '<=6.4.1',
2153 silly audit report       cwe: [Array],
2153 silly audit report       cvss: [Object]
2153 silly audit report     },
2153 silly audit report     {
2153 silly audit report       id: 1123525,
2153 silly audit report       url: 'https://github.com/advisories/GHSA-fx2h-pf6j-xcff',
2153 silly audit report       title: 'vite: `server.fs.deny` bypass on Windows alternate paths',
2153 silly audit report       severity: 'high',
2153 silly audit report       vulnerable_versions: '<=6.4.2',
2153 silly audit report       cwe: [Array],
2153 silly audit report       cvss: [Object]
2153 silly audit report     }
2153 silly audit report   ],
2153 silly audit report   webpack: [
2153 silly audit report     {
2153 silly audit report       id: 1113041,
2153 silly audit report       url: 'https://github.com/advisories/GHSA-8fgc-7cc6-rx7x',
2153 silly audit report       title: 'webpack buildHttp: allowedUris allow-list bypass via URL userinfo (@) leading to build-time SSRF behavior',
2153 silly audit report       severity: 'low',
2153 silly audit report       vulnerable_versions: '>=5.49.0 <=5.104.0',
2153 silly audit report       cwe: [Array],
2153 silly audit report       cvss: [Object]
2153 silly audit report     },
2153 silly audit report     {
2153 silly audit report       id: 1113042,
2153 silly audit report       url: 'https://github.com/advisories/GHSA-38r7-794h-5758',
2153 silly audit report       title: 'webpack buildHttp HttpUriPlugin allowedUris bypass via HTTP redirects → SSRF + cache persistence',
2153 silly audit report       severity: 'low',
2153 silly audit report       vulnerable_versions: '>=5.49.0 <5.104.0',
2153 silly audit report       cwe: [Array],
2153 silly audit report       cvss: [Object]
2153 silly audit report     }
2153 silly audit report   ],
2153 silly audit report   'webpack-dev-server': [
2153 silly audit report     {
2153 silly audit report       id: 1108429,
2153 silly audit report       url: 'https://github.com/advisories/GHSA-9jgg-88mc-972h',
2153 silly audit report       title: "webpack-dev-server users' source code may be stolen when they access a malicious web site with non-Chromium based browser",
2153 silly audit report       severity: 'moderate',
2153 silly audit report       vulnerable_versions: '<=5.2.0',
2153 silly audit report       cwe: [Array],
2153 silly audit report       cvss: [Object]
2153 silly audit report     },
2153 silly audit report     {
2153 silly audit report       id: 1108430,
2153 silly audit report       url: 'https://github.com/advisories/GHSA-4v9v-hfq4-rm2v',
2153 silly audit report       title: "webpack-dev-server users' source code may be stolen when they access a malicious web site",
2153 silly audit report       severity: 'moderate',
2153 silly audit report       vulnerable_versions: '<=5.2.0',
2153 silly audit report       cwe: [Array],
2153 silly audit report       cvss: [Object]
2153 silly audit report     },
2153 silly audit report     {
2153 silly audit report       id: 1119074,
2153 silly audit report       url: 'https://github.com/advisories/GHSA-79cf-xcqc-c78w',
2153 silly audit report       title: 'webpack-dev-server vulnerable to cross-origin source code exposure on non-HTTPS origins',
2153 silly audit report       severity: 'moderate',
2153 silly audit report       vulnerable_versions: '<=5.2.3',
2153 silly audit report       cwe: [Array],
2153 silly audit report       cvss: [Object]
2153 silly audit report     },
2153 silly audit report     {
2153 silly audit report       id: 1121087,
2153 silly audit report       url: 'https://github.com/advisories/GHSA-mx8g-39q3-5c79',
2153 silly audit report       title: 'webpack-dev-server vulnerable to HMR WebSocket interception via permissive user proxies',
2153 silly audit report       severity: 'moderate',
2153 silly audit report       vulnerable_versions: '<5.2.5',
2153 silly audit report       cwe: [Array],
2153 silly audit report       cvss: [Object]
2153 silly audit report     },
2153 silly audit report     {
2153 silly audit report       id: 1123965,
2153 silly audit report       url: 'https://github.com/advisories/GHSA-f5vj-f2hx-8m93',
2153 silly audit report       title: 'webpack-dev-server vulnerable to cross-site request forgery via internal developer endpoints',
2153 silly audit report       severity: 'moderate',
2153 silly audit report       vulnerable_versions: '<=5.2.5',
2153 silly audit report       cwe: [Array],
2153 silly audit report       cvss: [Object]
2153 silly audit report     },
2153 silly audit report     {
2153 silly audit report       id: 1123966,
2153 silly audit report       url: 'https://github.com/advisories/GHSA-m28w-2pqf-7qgj',
2153 silly audit report       title: 'webpack-dev-server vulnerable to denial of service via a malformed Host or Origin header',
2153 silly audit report       severity: 'moderate',
2153 silly audit report       vulnerable_versions: '<=5.2.5',
2153 silly audit report       cwe: [Array],
2153 silly audit report       cvss: [Object]
2153 silly audit report     }
2153 silly audit report   ],
2153 silly audit report   '@opentelemetry/core': [
2153 silly audit report     {
2153 silly audit report       id: 1120821,
2153 silly audit report       url: 'https://github.com/advisories/GHSA-8988-4f7v-96qf',
2153 silly audit report       title: 'OpenTelemetry Core: Unbounded memory allocation in W3C Baggage propagation',
2153 silly audit report       severity: 'moderate',
2153 silly audit report       vulnerable_versions: '<2.8.0',
2153 silly audit report       cwe: [Array],
2153 silly audit report       cvss: [Object]
2153 silly audit report     }
2153 silly audit report   ],
2153 silly audit report   re2: [
2153 silly audit report     {
2153 silly audit report       id: 1130576,
2153 silly audit report       url: 'https://github.com/advisories/GHSA-ff84-5f28-78qj',
2153 silly audit report       title: 're2: Out-of-bounds heap read in `exec`/`test`/`match` via attacker-influenced `lastIndex` on a non-ASCII subject → uncatchable process crash (DoS)',
2153 silly audit report       severity: 'moderate',
2153 silly audit report       vulnerable_versions: '<=1.25.1',
2153 silly audit report       cwe: [Array],
2153 silly audit report       cvss: [Object]
2153 silly audit report     },
2153 silly audit report     {
2153 silly audit report       id: 1130577,
2153 silly audit report       url: 'https://github.com/advisories/GHSA-6hxr-mr5r-9836',
2153 silly audit report       title: 're2: Global `String.prototype.match` with an empty-matchable pattern never advances → infinite loop with unbounded native memory growth (DoS)',
2153 silly audit report       severity: 'moderate',
2153 silly audit report       vulnerable_versions: '<=1.25.1',
2153 silly audit report       cwe: [Array],
2153 silly audit report       cvss: [Object]
2153 silly audit report     },
2153 silly audit report     {
2153 silly audit report       id: 1138117,
2153 silly audit report       url: 'https://github.com/advisories/GHSA-j4r3-hg7j-8chg',
2153 silly audit report       title: 'node-re2: Out-of-bounds heap read in `replace`/`split` via a `Buffer` ending in a truncated multi-byte UTF-8 character → adjacent heap memory disclosed to JavaScript',
2153 silly audit report       severity: 'moderate',
2153 silly audit report       vulnerable_versions: '<=1.26.0',
2153 silly audit report       cwe: [Array],
2153 silly audit report       cvss: [Object]
2153 silly audit report     },
2153 silly audit report     {
2153 silly audit report       id: 1138118,
2153 silly audit report       url: 'https://github.com/advisories/GHSA-8hcv-x26h-mcgp',
2153 silly audit report       title: "node-re2: String.prototype.replace(re2, template) aborts the Node process (uncatchable ToLocalChecked on empty MaybeLocal) when the result exceeds V8's max string length",
2153 silly audit report       severity: 'moderate',
2153 silly audit report       vulnerable_versions: '<=1.25.0',
2153 silly audit report       cwe: [Array],
2153 silly audit report       cvss: [Object]
2153 silly audit report     }
2153 silly audit report   ]
2153 silly audit report }
2154 silly packumentCache corgi:https://registry.npmjs.org/@angular%2fcommon cache-miss
2155 silly packumentCache corgi:https://registry.npmjs.org/@angular%2fcompiler cache-miss
2156 silly packumentCache corgi:https://registry.npmjs.org/@babel%2fcore cache-miss
2157 silly packumentCache corgi:https://registry.npmjs.org/@angular%2fcore cache-miss
2158 silly packumentCache corgi:https://registry.npmjs.org/@babel%2fruntime cache-miss
2159 silly packumentCache corgi:https://registry.npmjs.org/@tootallnate%2fonce cache-miss
2160 silly packumentCache corgi:https://registry.npmjs.org/ajv cache-miss
2161 silly packumentCache corgi:https://registry.npmjs.org/esbuild cache-miss
2162 silly packumentCache corgi:https://registry.npmjs.org/tmp cache-miss
2163 silly packumentCache corgi:https://registry.npmjs.org/picomatch cache-miss
2164 silly packumentCache corgi:https://registry.npmjs.org/piscina cache-miss
2165 silly packumentCache corgi:https://registry.npmjs.org/postcss cache-miss
2166 silly packumentCache corgi:https://registry.npmjs.org/serialize-javascript cache-miss
2167 silly packumentCache corgi:https://registry.npmjs.org/sigstore cache-miss
2168 silly packumentCache corgi:https://registry.npmjs.org/tar cache-miss
2169 silly packumentCache corgi:https://registry.npmjs.org/uuid cache-miss
2170 silly packumentCache corgi:https://registry.npmjs.org/vite cache-miss
2171 silly packumentCache corgi:https://registry.npmjs.org/webpack cache-miss
2172 silly packumentCache corgi:https://registry.npmjs.org/webpack-dev-server cache-miss
2173 silly packumentCache corgi:https://registry.npmjs.org/@opentelemetry%2fcore cache-miss
2174 silly packumentCache corgi:https://registry.npmjs.org/re2 cache-miss
2175 warn deprecated node-domexception@1.0.0: Use your platform's native DOMException instead
2176 http fetch GET 200 https://registry.npmjs.org/re2 82ms (cache hit)
2177 silly packumentCache corgi:https://registry.npmjs.org/re2 set size:100915 disposed:false
2178 http fetch GET 200 https://registry.npmjs.org/uuid 86ms (cache hit)
2179 silly packumentCache corgi:https://registry.npmjs.org/uuid set size:82973 disposed:false
2180 http fetch GET 200 https://registry.npmjs.org/@opentelemetry%2fcore 85ms (cache hit)
2181 silly packumentCache corgi:https://registry.npmjs.org/@opentelemetry%2fcore set size:385194 disposed:false
2182 http fetch GET 200 https://registry.npmjs.org/serialize-javascript 168ms (cache miss)
2183 silly packumentCache corgi:https://registry.npmjs.org/serialize-javascript set size:undefined disposed:false
2184 http fetch GET 200 https://registry.npmjs.org/sigstore 189ms (cache miss)
2185 silly packumentCache corgi:https://registry.npmjs.org/sigstore set size:undefined disposed:false
2186 http fetch GET 200 https://registry.npmjs.org/@tootallnate%2fonce 195ms (cache miss)
2187 silly packumentCache corgi:https://registry.npmjs.org/@tootallnate%2fonce set size:undefined disposed:false
2188 http fetch GET 200 https://registry.npmjs.org/piscina 196ms (cache miss)
2189 silly packumentCache corgi:https://registry.npmjs.org/piscina set size:undefined disposed:false
2190 warn deprecated uuid@9.0.1: uuid@10 and below is no longer supported.  For ESM codebases, update to uuid@latest.  For CommonJS codebases, use uuid@11 (but be aware this version will likely be deprecated in 2028).
2191 warn deprecated glob@10.5.0: Old versions of glob are not supported, and contain widely publicized security vulnerabilities, which have been fixed in the current version. Please update. Support for old versions may be purchased (at exorbitant rates) by contacting i@izs.me
2192 warn deprecated glob@10.5.0: Old versions of glob are not supported, and contain widely publicized security vulnerabilities, which have been fixed in the current version. Please update. Support for old versions may be purchased (at exorbitant rates) by contacting i@izs.me
2193 warn deprecated glob@10.5.0: Old versions of glob are not supported, and contain widely publicized security vulnerabilities, which have been fixed in the current version. Please update. Support for old versions may be purchased (at exorbitant rates) by contacting i@izs.me
2194 warn deprecated glob@10.5.0: Old versions of glob are not supported, and contain widely publicized security vulnerabilities, which have been fixed in the current version. Please update. Support for old versions may be purchased (at exorbitant rates) by contacting i@izs.me
2195 warn deprecated glob@10.5.0: Old versions of glob are not supported, and contain widely publicized security vulnerabilities, which have been fixed in the current version. Please update. Support for old versions may be purchased (at exorbitant rates) by contacting i@izs.me
2196 http fetch GET 200 https://registry.npmjs.org/@babel%2fruntime 264ms (cache miss)
2197 silly packumentCache corgi:https://registry.npmjs.org/@babel%2fruntime set size:undefined disposed:false
2198 warn deprecated json-ptr@3.1.1: Package no longer supported. Contact Support at https://www.npmjs.com/support for more info.
2199 http fetch GET 200 https://registry.npmjs.org/picomatch 287ms (cache miss)
2200 silly packumentCache corgi:https://registry.npmjs.org/picomatch set size:undefined disposed:false
2201 http fetch GET 200 https://registry.npmjs.org/tar 294ms (cache miss)
2202 silly packumentCache corgi:https://registry.npmjs.org/tar set size:undefined disposed:false
2203 http fetch GET 200 https://registry.npmjs.org/postcss 306ms (cache miss)
2204 silly packumentCache corgi:https://registry.npmjs.org/postcss set size:undefined disposed:false
2205 http fetch GET 200 https://registry.npmjs.org/@babel%2fcore 316ms (cache miss)
2206 silly packumentCache corgi:https://registry.npmjs.org/@babel%2fcore set size:undefined disposed:false
2207 http fetch GET 200 https://registry.npmjs.org/webpack-dev-server 342ms (cache miss)
2208 silly packumentCache corgi:https://registry.npmjs.org/webpack-dev-server set size:undefined disposed:false
2209 http fetch GET 200 https://registry.npmjs.org/ajv 390ms (cache miss)
2210 silly packumentCache corgi:https://registry.npmjs.org/ajv set size:undefined disposed:false
2211 http fetch GET 200 https://registry.npmjs.org/tmp 425ms (cache miss)
2212 silly packumentCache corgi:https://registry.npmjs.org/tmp set size:undefined disposed:false
2213 http fetch GET 200 https://registry.npmjs.org/esbuild 428ms (cache miss)
2214 silly packumentCache corgi:https://registry.npmjs.org/esbuild set size:undefined disposed:false
2215 http fetch GET 200 https://registry.npmjs.org/webpack 477ms (cache miss)
2216 silly packumentCache corgi:https://registry.npmjs.org/webpack set size:undefined disposed:false
2217 http fetch GET 200 https://registry.npmjs.org/vite 540ms (cache miss)
2218 silly packumentCache corgi:https://registry.npmjs.org/vite set size:undefined disposed:false
2219 http fetch GET 200 https://registry.npmjs.org/@angular%2fcommon 719ms (cache miss)
2220 silly packumentCache corgi:https://registry.npmjs.org/@angular%2fcommon set size:undefined disposed:false
2221 http fetch GET 200 https://registry.npmjs.org/@angular%2fcompiler 805ms (cache miss)
2222 silly packumentCache corgi:https://registry.npmjs.org/@angular%2fcompiler set size:undefined disposed:false
2223 http fetch GET 200 https://registry.npmjs.org/@angular%2fcore 858ms (cache miss)
2224 silly packumentCache corgi:https://registry.npmjs.org/@angular%2fcore set size:undefined disposed:false
2225 silly packumentCache corgi:https://registry.npmjs.org/@angular%2fcompiler-cli cache-miss
2226 silly packumentCache corgi:https://registry.npmjs.org/@angular-devkit%2fbuild-angular cache-miss
2227 silly packumentCache corgi:https://registry.npmjs.org/istanbul-lib-instrument cache-miss
2228 http fetch GET 200 https://registry.npmjs.org/istanbul-lib-instrument 56ms (cache miss)
2229 silly packumentCache corgi:https://registry.npmjs.org/istanbul-lib-instrument set size:undefined disposed:false
2230 http fetch GET 200 https://registry.npmjs.org/@angular%2fcompiler-cli 322ms (cache miss)
2231 silly packumentCache corgi:https://registry.npmjs.org/@angular%2fcompiler-cli set size:undefined disposed:false
2232 info run re2@1.24.0 install node_modules/re2 install-from-cache --artifact build/Release/re2.node --host-var RE2_DOWNLOAD_MIRROR --skip-path-var RE2_DOWNLOAD_SKIP_PATH --skip-ver-var RE2_DOWNLOAD_SKIP_VER || node-gyp -j max rebuild
2233 http fetch GET 200 https://registry.npmjs.org/@angular-devkit%2fbuild-angular 518ms (cache miss)
2234 silly packumentCache corgi:https://registry.npmjs.org/@angular-devkit%2fbuild-angular set size:undefined disposed:false
2235 silly packumentCache corgi:https://registry.npmjs.org/http-proxy-agent cache-miss
2236 http fetch GET 200 https://registry.npmjs.org/http-proxy-agent 20ms (cache miss)
2237 silly packumentCache corgi:https://registry.npmjs.org/http-proxy-agent set size:undefined disposed:false
2238 silly packumentCache corgi:https://registry.npmjs.org/@angular-devkit%2fcore cache-miss
2239 silly packumentCache corgi:https://registry.npmjs.org/ajv-formats cache-miss
2240 silly packumentCache corgi:https://registry.npmjs.org/schema-utils cache-miss
2241 silly packumentCache corgi:https://registry.npmjs.org/exegesis cache-miss
2242 http fetch GET 200 https://registry.npmjs.org/ajv-formats 23ms (cache miss)
2243 silly packumentCache corgi:https://registry.npmjs.org/ajv-formats set size:undefined disposed:false
2244 http fetch GET 200 https://registry.npmjs.org/schema-utils 34ms (cache miss)
2245 silly packumentCache corgi:https://registry.npmjs.org/schema-utils set size:undefined disposed:false
2246 http fetch GET 200 https://registry.npmjs.org/exegesis 269ms (cache miss)
2247 silly packumentCache corgi:https://registry.npmjs.org/exegesis set size:undefined disposed:false
2248 http fetch GET 200 https://registry.npmjs.org/@angular-devkit%2fcore 496ms (cache miss)
2249 silly packumentCache corgi:https://registry.npmjs.org/@angular-devkit%2fcore set size:undefined disposed:false
2250 silly packumentCache corgi:https://registry.npmjs.org/external-editor cache-miss
2251 http fetch GET 200 https://registry.npmjs.org/external-editor 24ms (cache miss)
2252 silly packumentCache corgi:https://registry.npmjs.org/external-editor set size:undefined disposed:false
2253 silly packumentCache corgi:https://registry.npmjs.org/anymatch cache-miss
2254 silly packumentCache corgi:https://registry.npmjs.org/micromatch cache-miss
2255 silly packumentCache corgi:https://registry.npmjs.org/readdirp cache-miss
2256 http fetch GET 200 https://registry.npmjs.org/micromatch 44ms (cache miss)
2257 silly packumentCache corgi:https://registry.npmjs.org/micromatch set size:undefined disposed:false
2258 http fetch GET 200 https://registry.npmjs.org/anymatch 51ms (cache miss)
2259 silly packumentCache corgi:https://registry.npmjs.org/anymatch set size:undefined disposed:false
2260 http fetch GET 200 https://registry.npmjs.org/readdirp 50ms (cache miss)
2261 silly packumentCache corgi:https://registry.npmjs.org/readdirp set size:undefined disposed:false
2262 silly packumentCache corgi:https://registry.npmjs.org/critters cache-miss
2263 silly packumentCache corgi:https://registry.npmjs.org/css-loader cache-miss
2264 silly packumentCache corgi:https://registry.npmjs.org/resolve-url-loader cache-miss
2265 http fetch GET 200 https://registry.npmjs.org/resolve-url-loader 84ms (cache miss)
2266 silly packumentCache corgi:https://registry.npmjs.org/resolve-url-loader set size:undefined disposed:false
2267 http fetch GET 200 https://registry.npmjs.org/css-loader 91ms (cache miss)
2268 silly packumentCache corgi:https://registry.npmjs.org/css-loader set size:undefined disposed:false
2269 info run re2@1.24.0 install { code: 0, signal: null }
2270 http fetch GET 200 https://registry.npmjs.org/critters 392ms (cache miss)
2271 silly packumentCache corgi:https://registry.npmjs.org/critters set size:undefined disposed:false
2272 silly packumentCache corgi:https://registry.npmjs.org/copy-webpack-plugin cache-miss
2273 http fetch GET 200 https://registry.npmjs.org/copy-webpack-plugin 26ms (cache miss)
2274 silly packumentCache corgi:https://registry.npmjs.org/copy-webpack-plugin set size:undefined disposed:false
2275 silly packumentCache corgi:https://registry.npmjs.org/pacote cache-miss
2276 http fetch GET 200 https://registry.npmjs.org/pacote 679ms (cache miss)
2277 silly packumentCache corgi:https://registry.npmjs.org/pacote set size:undefined disposed:false
2278 silly packumentCache corgi:https://registry.npmjs.org/cacache cache-miss
2279 silly packumentCache corgi:https://registry.npmjs.org/node-gyp cache-miss
2280 http fetch GET 200 https://registry.npmjs.org/node-gyp 31ms (cache miss)
2281 silly packumentCache corgi:https://registry.npmjs.org/node-gyp set size:undefined disposed:false
2282 http fetch GET 200 https://registry.npmjs.org/cacache 37ms (cache miss)
2283 silly packumentCache corgi:https://registry.npmjs.org/cacache set size:undefined disposed:false
2284 silly packumentCache corgi:https://registry.npmjs.org/sockjs cache-miss
2285 silly packumentCache corgi:https://registry.npmjs.org/universal-analytics cache-miss
2286 silly packumentCache corgi:https://registry.npmjs.org/gaxios cache-miss
2287 http fetch GET 200 https://registry.npmjs.org/universal-analytics 2ms (cache hit)
2288 silly packumentCache corgi:https://registry.npmjs.org/universal-analytics set size:38664 disposed:false
2289 http fetch GET 200 https://registry.npmjs.org/gaxios 3ms (cache hit)
2290 silly packumentCache corgi:https://registry.npmjs.org/gaxios set size:202687 disposed:false
2291 http fetch GET 200 https://registry.npmjs.org/sockjs 22ms (cache miss)
2292 silly packumentCache corgi:https://registry.npmjs.org/sockjs set size:undefined disposed:false
2293 silly packumentCache corgi:https://registry.npmjs.org/@google-cloud%2fpubsub cache-miss
2294 http fetch GET 200 https://registry.npmjs.org/@google-cloud%2fpubsub 2ms (cache hit)
2295 silly packumentCache corgi:https://registry.npmjs.org/@google-cloud%2fpubsub set size:379353 disposed:false
2296 silly packumentCache corgi:https://registry.npmjs.org/superstatic cache-miss
2297 http fetch GET 200 https://registry.npmjs.org/superstatic 1ms (cache hit)
2298 silly packumentCache corgi:https://registry.npmjs.org/superstatic set size:301023 disposed:false
2299 silly packumentCache corgi:https://registry.npmjs.org/jsdom cache-miss
2300 http fetch GET 200 https://registry.npmjs.org/jsdom 39ms (cache miss)
2301 silly packumentCache corgi:https://registry.npmjs.org/jsdom set size:undefined disposed:false
2302 silly packumentCache corgi:https://registry.npmjs.org/@angular-devkit%2farchitect cache-miss
2303 silly packumentCache corgi:https://registry.npmjs.org/@angular-devkit%2fschematics cache-miss
2304 silly packumentCache corgi:https://registry.npmjs.org/@angular%2fcli cache-miss
2305 silly packumentCache corgi:https://registry.npmjs.org/@schematics%2fangular cache-miss
2306 http fetch GET 200 https://registry.npmjs.org/@angular%2fcli 498ms (cache miss)
2307 silly packumentCache corgi:https://registry.npmjs.org/@angular%2fcli set size:undefined disposed:false
2308 http fetch GET 200 https://registry.npmjs.org/@angular-devkit%2fschematics 686ms (cache miss)
2309 silly packumentCache corgi:https://registry.npmjs.org/@angular-devkit%2fschematics set size:undefined disposed:false
2310 http fetch GET 200 https://registry.npmjs.org/@schematics%2fangular 764ms (cache miss)
2311 silly packumentCache corgi:https://registry.npmjs.org/@schematics%2fangular set size:undefined disposed:false
2312 http fetch GET 200 https://registry.npmjs.org/@angular-devkit%2farchitect 1109ms (cache miss)
2313 silly packumentCache corgi:https://registry.npmjs.org/@angular-devkit%2farchitect set size:undefined disposed:false
2314 silly packumentCache corgi:https://registry.npmjs.org/inquirer cache-miss
2315 http fetch GET 200 https://registry.npmjs.org/inquirer 646ms (cache miss)
2316 silly packumentCache corgi:https://registry.npmjs.org/inquirer set size:undefined disposed:false
2317 silly packumentCache corgi:https://registry.npmjs.org/@npmcli%2frun-script cache-miss
2318 http fetch GET 200 https://registry.npmjs.org/@npmcli%2frun-script 40ms (cache miss)
2319 silly packumentCache corgi:https://registry.npmjs.org/@npmcli%2frun-script set size:undefined disposed:false
2320 silly packumentCache corgi:https://registry.npmjs.org/make-fetch-happen cache-miss
2321 http fetch GET 200 https://registry.npmjs.org/make-fetch-happen 25ms (cache miss)
2322 silly packumentCache corgi:https://registry.npmjs.org/make-fetch-happen set size:undefined disposed:false
2323 silly packumentCache corgi:https://registry.npmjs.org/firebase-tools cache-miss
2324 http fetch GET 200 https://registry.npmjs.org/firebase-tools 3ms (cache hit)
2325 silly packumentCache corgi:https://registry.npmjs.org/firebase-tools set size:1506743 disposed:false
2326 silly packumentCache corgi:https://registry.npmjs.org/google-auth-library cache-miss
2327 silly packumentCache corgi:https://registry.npmjs.org/gcp-metadata cache-miss
2328 silly packumentCache corgi:https://registry.npmjs.org/gtoken cache-miss
2329 http fetch GET 200 https://registry.npmjs.org/gcp-metadata 4ms (cache hit)
2330 silly packumentCache corgi:https://registry.npmjs.org/gcp-metadata set size:91898 disposed:false
2331 http fetch GET 200 https://registry.npmjs.org/google-auth-library 5ms (cache hit)
2332 silly packumentCache corgi:https://registry.npmjs.org/google-auth-library set size:373596 disposed:false
2333 http fetch GET 200 https://registry.npmjs.org/gtoken 6ms (cache hit)
2334 silly packumentCache corgi:https://registry.npmjs.org/gtoken set size:74319 disposed:false
2335 silly packumentCache corgi:https://registry.npmjs.org/@wessberg%2fts-evaluator cache-miss
2336 http fetch GET 200 https://registry.npmjs.org/@wessberg%2fts-evaluator 275ms (cache miss)
2337 silly packumentCache corgi:https://registry.npmjs.org/@wessberg%2fts-evaluator set size:undefined disposed:false
2338 silly packumentCache corgi:https://registry.npmjs.org/@angular-devkit%2fbuild-webpack cache-miss
2339 http fetch GET 200 https://registry.npmjs.org/@angular-devkit%2fbuild-webpack 1246ms (cache miss)
2340 silly packumentCache corgi:https://registry.npmjs.org/@angular-devkit%2fbuild-webpack set size:undefined disposed:false
2341 silly packumentCache corgi:https://registry.npmjs.org/@sigstore%2fsign cache-miss
2342 silly packumentCache corgi:https://registry.npmjs.org/npm-registry-fetch cache-miss
2343 silly packumentCache corgi:https://registry.npmjs.org/tuf-js cache-miss
2344 http fetch GET 200 https://registry.npmjs.org/tuf-js 26ms (cache miss)
2345 silly packumentCache corgi:https://registry.npmjs.org/tuf-js set size:undefined disposed:false
2346 http fetch GET 200 https://registry.npmjs.org/npm-registry-fetch 31ms (cache miss)
2347 silly packumentCache corgi:https://registry.npmjs.org/npm-registry-fetch set size:undefined disposed:false
2348 http fetch GET 200 https://registry.npmjs.org/@sigstore%2fsign 510ms (cache miss)
2349 silly packumentCache corgi:https://registry.npmjs.org/@sigstore%2fsign set size:undefined disposed:false
2350 silly packumentCache corgi:https://registry.npmjs.org/@sigstore%2ftuf cache-miss
2351 http fetch GET 200 https://registry.npmjs.org/@sigstore%2ftuf 203ms (cache miss)
2352 silly packumentCache corgi:https://registry.npmjs.org/@sigstore%2ftuf set size:undefined disposed:false
2353 silly ADD node_modules/fdir
2354 silly ADD node_modules/tinyglobby
2355 silly ADD node_modules/tinyglobby/node_modules/picomatch
2356 silly ADD node_modules/environment
2357 silly ADD node_modules/@js-sdsl/ordered-map
2358 silly ADD node_modules/@isaacs/fs-minipass
2359 silly ADD node_modules/@isaacs/fs-minipass/node_modules/minipass
2360 silly ADD node_modules/process
2361 silly ADD node_modules/fast-uri
2362 silly ADD node_modules/web-streams-polyfill
2363 silly ADD node_modules/node-domexception
2364 silly ADD node_modules/formdata-polyfill
2365 silly ADD node_modules/fetch-blob
2366 silly ADD node_modules/crc32-stream
2367 silly ADD node_modules/crc32-stream/node_modules/buffer
2368 silly ADD node_modules/crc32-stream/node_modules/readable-stream
2369 silly ADD node_modules/crc-32
2370 silly ADD node_modules/compress-commons
2371 silly ADD node_modules/compress-commons/node_modules/buffer
2372 silly ADD node_modules/compress-commons/node_modules/readable-stream
2373 silly ADD node_modules/typedarray-to-buffer
2374 silly ADD node_modules/is-typedarray
2375 silly ADD node_modules/fn.name
2376 silly ADD node_modules/fecha
2377 silly ADD node_modules/@types/triple-beam
2378 silly ADD node_modules/color-string
2379 silly ADD node_modules/color-string/node_modules/color-name
2380 silly ADD node_modules/text-hex
2381 silly ADD node_modules/color
2382 silly ADD node_modules/color/node_modules/color-name
2383 silly ADD node_modules/color/node_modules/color-convert
2384 silly ADD node_modules/kuler
2385 silly ADD node_modules/enabled
2386 silly ADD node_modules/@so-ric/colorspace
2387 silly ADD node_modules/stack-trace
2388 silly ADD node_modules/safe-stable-stringify
2389 silly ADD node_modules/one-time
2390 silly ADD node_modules/logform
2391 silly ADD node_modules/logform/node_modules/@colors/colors
2392 silly ADD node_modules/@dabh/diagnostics
2393 silly ADD node_modules/strip-json-comments
2394 silly ADD node_modules/deep-extend
2395 silly ADD node_modules/rc
2396 silly ADD node_modules/rc/node_modules/ini
2397 silly ADD node_modules/proto-list
2398 silly ADD node_modules/config-chain
2399 silly ADD node_modules/config-chain/node_modules/ini
2400 silly ADD node_modules/@pnpm/network.ca-file
2401 silly ADD node_modules/@pnpm/network.ca-file/node_modules/graceful-fs
2402 silly ADD node_modules/@pnpm/config.env-replace
2403 silly ADD node_modules/@pnpm/npm-conf
2404 silly ADD node_modules/escape-goat
2405 silly ADD node_modules/whatwg-fetch
2406 silly ADD node_modules/is-path-inside
2407 silly ADD node_modules/global-dirs
2408 silly ADD node_modules/global-dirs/node_modules/ini
2409 silly ADD node_modules/ci-info
2410 silly ADD node_modules/widest-line
2411 silly ADD node_modules/cli-boxes
2412 silly ADD node_modules/ansi-align
2413 silly ADD node_modules/semver-diff
2414 silly ADD node_modules/semver-diff/node_modules/semver
2415 silly ADD node_modules/registry-url
2416 silly ADD node_modules/registry-auth-token
2417 silly ADD node_modules/pupa
2418 silly ADD node_modules/isomorphic-fetch
2419 silly ADD node_modules/is-yarn-global
2420 silly ADD node_modules/is-npm
2421 silly ADD node_modules/is-installed-globally
2422 silly ADD node_modules/is-ci
2423 silly ADD node_modules/import-lazy
2424 silly ADD node_modules/has-yarn
2425 silly ADD node_modules/boxen
2426 silly ADD node_modules/boxen/node_modules/type-fest
2427 silly ADD node_modules/boxen/node_modules/camelcase
2428 silly ADD node_modules/crypto-random-string
2429 silly ADD node_modules/thenify
2430 silly ADD node_modules/stubs
2431 silly ADD node_modules/stream-events
2432 silly ADD node_modules/ip-regex
2433 silly ADD node_modules/deep-is
2434 silly ADD node_modules/is2
2435 silly ADD node_modules/text-decoder
2436 silly ADD node_modules/events-universal
2437 silly ADD node_modules/teex
2438 silly ADD node_modules/bare-url
2439 silly ADD node_modules/bare-stream
2440 silly ADD node_modules/bare-path
2441 silly ADD node_modules/bare-events
2442 silly ADD node_modules/streamx
2443 silly ADD node_modules/fast-fifo
2444 silly ADD node_modules/bare-fs
2445 silly ADD node_modules/b4a
2446 silly ADD node_modules/is-promise
2447 silly ADD node_modules/nan
2448 silly ADD node_modules/install-artifact-from-github
2449 silly ADD node_modules/lodash._objecttypes
2450 silly ADD node_modules/valid-url
2451 silly ADD node_modules/url-join
2452 silly ADD node_modules/as-array
2453 silly ADD node_modules/toxic
2454 silly ADD node_modules/lodash.isobject
2455 silly ADD node_modules/glob-slash
2456 silly ADD node_modules/tsscmp
2457 silly ADD node_modules/router
2458 silly ADD node_modules/router/node_modules/path-to-regexp
2459 silly ADD node_modules/re2
2460 silly ADD node_modules/re2/node_modules/isexe
2461 silly ADD node_modules/re2/node_modules/yallist
2462 silly ADD node_modules/re2/node_modules/minizlib
2463 silly ADD node_modules/re2/node_modules/minipass
2464 silly ADD node_modules/re2/node_modules/chownr
2465 silly ADD node_modules/re2/node_modules/abbrev
2466 silly ADD node_modules/re2/node_modules/which
2467 silly ADD node_modules/re2/node_modules/tar
2468 silly ADD node_modules/re2/node_modules/proc-log
2469 silly ADD node_modules/re2/node_modules/nopt
2470 silly ADD node_modules/re2/node_modules/node-gyp
2471 silly ADD node_modules/join-path
2472 silly ADD node_modules/is-url
2473 silly ADD node_modules/glob-slasher
2474 silly ADD node_modules/basic-auth-connect
2475 silly ADD node_modules/ret
2476 silly ADD node_modules/discontinuous-range
2477 silly ADD node_modules/randexp
2478 silly ADD node_modules/railroad-diagrams
2479 silly ADD node_modules/moo
2480 silly ADD node_modules/nearley
2481 silly ADD node_modules/unicode-emoji-modifier-base
2482 silly ADD node_modules/teeny-request
2483 silly ADD node_modules/teeny-request/node_modules/data-uri-to-buffer
2484 silly ADD node_modules/teeny-request/node_modules/agent-base
2485 silly ADD node_modules/teeny-request/node_modules/node-fetch
2486 silly ADD node_modules/teeny-request/node_modules/https-proxy-agent
2487 silly ADD node_modules/teeny-request/node_modules/http-proxy-agent
2488 silly ADD node_modules/ast-types
2489 silly ADD node_modules/netmask
2490 silly ADD node_modules/degenerator
2491 silly ADD node_modules/data-uri-to-buffer
2492 silly ADD node_modules/basic-ftp
2493 silly ADD node_modules/pac-resolver
2494 silly ADD node_modules/get-uri
2495 silly ADD node_modules/@tootallnate/quickjs-emscripten
2496 silly ADD node_modules/proxy-from-env
2497 silly ADD node_modules/pac-proxy-agent
2498 silly ADD node_modules/pac-proxy-agent/node_modules/socks-proxy-agent
2499 silly ADD node_modules/pac-proxy-agent/node_modules/https-proxy-agent
2500 silly ADD node_modules/pac-proxy-agent/node_modules/http-proxy-agent
2501 silly ADD node_modules/pac-proxy-agent/node_modules/agent-base
2502 silly ADD node_modules/xtend
2503 silly ADD node_modules/split2
2504 silly ADD node_modules/postgres-interval
2505 silly ADD node_modules/postgres-date
2506 silly ADD node_modules/postgres-bytea
2507 silly ADD node_modules/postgres-array
2508 silly ADD node_modules/pg-int8
2509 silly ADD node_modules/pgpass
2510 silly ADD node_modules/pg-types
2511 silly ADD node_modules/pg-protocol
2512 silly ADD node_modules/pg-pool
2513 silly ADD node_modules/pg-connection-string
2514 silly ADD node_modules/pg-cloudflare
2515 silly ADD node_modules/skin-tone
2516 silly ADD node_modules/emojilib
2517 silly ADD node_modules/char-regex
2518 silly ADD node_modules/@sindresorhus/is
2519 silly ADD node_modules/thenify-all
2520 silly ADD node_modules/any-promise
2521 silly ADD node_modules/basic-auth
2522 silly ADD node_modules/basic-auth/node_modules/safe-buffer
2523 silly ADD node_modules/parse5-htmlparser2-tree-adapter
2524 silly ADD node_modules/mz
2525 silly ADD node_modules/highlight.js
2526 silly ADD node_modules/supports-hyperlinks
2527 silly ADD node_modules/node-emoji
2528 silly ADD node_modules/cli-highlight
2529 silly ADD node_modules/cli-highlight/node_modules/yargs-parser
2530 silly ADD node_modules/cli-highlight/node_modules/cliui
2531 silly ADD node_modules/cli-highlight/node_modules/yargs
2532 silly ADD node_modules/cli-highlight/node_modules/parse5
2533 silly ADD node_modules/libsodium
2534 silly ADD node_modules/buffer-equal-constant-time
2535 silly ADD node_modules/jwa
2536 silly ADD node_modules/lodash.once
2537 silly ADD node_modules/lodash.isstring
2538 silly ADD node_modules/lodash.isplainobject
2539 silly ADD node_modules/lodash.isnumber
2540 silly ADD node_modules/lodash.isinteger
2541 silly ADD node_modules/lodash.isboolean
2542 silly ADD node_modules/lodash.includes
2543 silly ADD node_modules/jju
2544 silly ADD node_modules/bignumber.js
2545 silly ADD node_modules/url-template
2546 silly ADD node_modules/stream-shift
2547 silly ADD node_modules/end-of-stream
2548 silly ADD node_modules/retry-request
2549 silly ADD node_modules/proto3-json-serializer
2550 silly ADD node_modules/object-hash
2551 silly ADD node_modules/duplexify
2552 silly ADD node_modules/json-bigint
2553 silly ADD node_modules/jws
2554 silly ADD node_modules/gtoken
2555 silly ADD node_modules/gcp-metadata
2556 silly ADD node_modules/gcp-metadata/node_modules/google-logging-utils
2557 silly ADD node_modules/ecdsa-sig-formatter
2558 silly ADD node_modules/call-me-maybe
2559 silly ADD node_modules/@jsdevtools/ono
2560 silly ADD node_modules/promise-breaker
2561 silly ADD node_modules/openapi3-ts
2562 silly ADD node_modules/json-ptr
2563 silly ADD node_modules/events-listener
2564 silly ADD node_modules/deep-freeze
2565 silly ADD node_modules/@apidevtools/json-schema-ref-parser
2566 silly ADD node_modules/@apidevtools/json-schema-ref-parser/node_modules/argparse
2567 silly ADD node_modules/@apidevtools/json-schema-ref-parser/node_modules/js-yaml
2568 silly ADD node_modules/is-obj
2569 silly ADD node_modules/xdg-basedir
2570 silly ADD node_modules/write-file-atomic
2571 silly ADD node_modules/unique-string
2572 silly ADD node_modules/dot-prop
2573 silly ADD node_modules/json-parse-helpfulerror
2574 silly ADD node_modules/lazystream
2575 silly ADD node_modules/lazystream/node_modules/string_decoder
2576 silly ADD node_modules/lazystream/node_modules/safe-buffer
2577 silly ADD node_modules/lazystream/node_modules/readable-stream
2578 silly ADD node_modules/zip-stream
2579 silly ADD node_modules/zip-stream/node_modules/buffer
2580 silly ADD node_modules/zip-stream/node_modules/readable-stream
2581 silly ADD node_modules/tar-stream
2582 silly ADD node_modules/readdir-glob
2583 silly ADD node_modules/readdir-glob/node_modules/brace-expansion
2584 silly ADD node_modules/readdir-glob/node_modules/minimatch
2585 silly ADD node_modules/buffer-crc32
2586 silly ADD node_modules/async
2587 silly ADD node_modules/archiver-utils
2588 silly ADD node_modules/archiver-utils/node_modules/buffer
2589 silly ADD node_modules/archiver-utils/node_modules/brace-expansion
2590 silly ADD node_modules/archiver-utils/node_modules/minipass
2591 silly ADD node_modules/archiver-utils/node_modules/minimatch
2592 silly ADD node_modules/archiver-utils/node_modules/readable-stream
2593 silly ADD node_modules/archiver-utils/node_modules/glob
2594 silly ADD node_modules/event-target-shim
2595 silly ADD node_modules/zod-to-json-schema
2596 silly ADD node_modules/pkce-challenge
2597 silly ADD node_modules/json-schema-typed
2598 silly ADD node_modules/jose
2599 silly ADD node_modules/hono
2600 silly ADD node_modules/express-rate-limit
2601 silly ADD node_modules/eventsource-parser
2602 silly ADD node_modules/eventsource
2603 silly ADD node_modules/@hono/node-server
2604 silly ADD node_modules/@inquirer/external-editor
2605 silly ADD node_modules/@inquirer/external-editor/node_modules/iconv-lite
2606 silly ADD node_modules/@inquirer/external-editor/node_modules/chardet
2607 silly ADD node_modules/yoctocolors-cjs
2608 silly ADD node_modules/@inquirer/type
2609 silly ADD node_modules/@inquirer/figures
2610 silly ADD node_modules/@inquirer/core
2611 silly ADD node_modules/@inquirer/core/node_modules/wrap-ansi
2612 silly ADD node_modules/@inquirer/core/node_modules/signal-exit
2613 silly ADD node_modules/@inquirer/core/node_modules/mute-stream
2614 silly ADD node_modules/@inquirer/core/node_modules/cli-width
2615 silly ADD node_modules/@inquirer/ansi
2616 silly ADD node_modules/@inquirer/select
2617 silly ADD node_modules/@inquirer/search
2618 silly ADD node_modules/@inquirer/rawlist
2619 silly ADD node_modules/@inquirer/password
2620 silly ADD node_modules/@inquirer/number
2621 silly ADD node_modules/@inquirer/input
2622 silly ADD node_modules/@inquirer/expand
2623 silly ADD node_modules/@inquirer/editor
2624 silly ADD node_modules/@inquirer/confirm
2625 silly ADD node_modules/@inquirer/checkbox
2626 silly ADD node_modules/googleapis-common
2627 silly ADD node_modules/googleapis-common/node_modules/brace-expansion
2628 silly ADD node_modules/googleapis-common/node_modules/minipass
2629 silly ADD node_modules/googleapis-common/node_modules/minimatch
2630 silly ADD node_modules/googleapis-common/node_modules/glob
2631 silly ADD node_modules/googleapis-common/node_modules/data-uri-to-buffer
2632 silly ADD node_modules/googleapis-common/node_modules/agent-base
2633 silly ADD node_modules/googleapis-common/node_modules/gtoken
2634 silly ADD node_modules/googleapis-common/node_modules/gcp-metadata
2635 silly ADD node_modules/googleapis-common/node_modules/rimraf
2636 silly ADD node_modules/googleapis-common/node_modules/node-fetch
2637 silly ADD node_modules/googleapis-common/node_modules/https-proxy-agent
2638 silly ADD node_modules/googleapis-common/node_modules/google-logging-utils
2639 silly ADD node_modules/googleapis-common/node_modules/google-auth-library
2640 silly ADD node_modules/googleapis-common/node_modules/gaxios
2641 silly ADD node_modules/p-defer
2642 silly ADD node_modules/lodash.snakecase
2643 silly ADD node_modules/is-stream-ended
2644 silly ADD node_modules/heap-js
2645 silly ADD node_modules/google-gax
2646 silly ADD node_modules/google-gax/node_modules/brace-expansion
2647 silly ADD node_modules/google-gax/node_modules/minipass
2648 silly ADD node_modules/google-gax/node_modules/minimatch
2649 silly ADD node_modules/google-gax/node_modules/glob
2650 silly ADD node_modules/google-gax/node_modules/data-uri-to-buffer
2651 silly ADD node_modules/google-gax/node_modules/agent-base
2652 silly ADD node_modules/google-gax/node_modules/https-proxy-agent
2653 silly ADD node_modules/google-gax/node_modules/gtoken
2654 silly ADD node_modules/google-gax/node_modules/gcp-metadata
2655 silly ADD node_modules/google-gax/node_modules/gcp-metadata/node_modules/gaxios
2656 silly ADD node_modules/google-gax/node_modules/gaxios
2657 silly ADD node_modules/google-gax/node_modules/rimraf
2658 silly ADD node_modules/google-gax/node_modules/node-fetch
2659 silly ADD node_modules/google-gax/node_modules/google-logging-utils
2660 silly ADD node_modules/google-gax/node_modules/google-auth-library
2661 silly ADD node_modules/google-gax/node_modules/@grpc/proto-loader
2662 silly ADD node_modules/google-gax/node_modules/@grpc/grpc-js
2663 silly ADD node_modules/arrify
2664 silly ADD node_modules/@opentelemetry/semantic-conventions
2665 silly ADD node_modules/@opentelemetry/core
2666 silly ADD node_modules/@opentelemetry/core/node_modules/@opentelemetry/semantic-conventions
2667 silly ADD node_modules/@opentelemetry/api
2668 silly ADD node_modules/@google-cloud/promisify
2669 silly ADD node_modules/@google-cloud/projectify
2670 silly ADD node_modules/@google-cloud/precise-date
2671 silly ADD node_modules/@google-cloud/paginator
2672 silly ADD node_modules/p-throttle
2673 silly ADD node_modules/@googleapis/sqladmin
2674 silly ADD node_modules/zod
2675 silly ADD node_modules/yaml
2676 silly ADD node_modules/winston-transport
2677 silly ADD node_modules/winston
2678 silly ADD node_modules/winston/node_modules/@colors/colors
2679 silly ADD node_modules/update-notifier-cjs
2680 silly ADD node_modules/universal-analytics
2681 silly ADD node_modules/undici
2682 silly ADD node_modules/triple-beam
2683 silly ADD node_modules/tcp-port-used
2684 silly ADD node_modules/tcp-port-used/node_modules/ms
2685 silly ADD node_modules/tcp-port-used/node_modules/debug
2686 silly ADD node_modules/superstatic
2687 silly ADD node_modules/superstatic/node_modules/isarray
2688 silly ADD node_modules/superstatic/node_modules/brace-expansion
2689 silly ADD node_modules/superstatic/node_modules/path-to-regexp
2690 silly ADD node_modules/superstatic/node_modules/minimatch
2691 silly ADD node_modules/superstatic/node_modules/commander
2692 silly ADD node_modules/stream-json
2693 silly ADD node_modules/stream-chain
2694 silly ADD node_modules/sql-formatter
2695 silly ADD node_modules/sql-formatter/node_modules/argparse
2696 silly ADD node_modules/proxy-agent
2697 silly ADD node_modules/proxy-agent/node_modules/socks-proxy-agent
2698 silly ADD node_modules/proxy-agent/node_modules/lru-cache
2699 silly ADD node_modules/proxy-agent/node_modules/https-proxy-agent
2700 silly ADD node_modules/proxy-agent/node_modules/http-proxy-agent
2701 silly ADD node_modules/proxy-agent/node_modules/agent-base
2702 silly ADD node_modules/progress
2703 silly ADD node_modules/portfinder
2704 silly ADD node_modules/pglite-2
2705 silly ADD node_modules/pg-gateway
2706 silly ADD node_modules/pg
2707 silly ADD node_modules/node-fetch
2708 silly ADD node_modules/node-fetch/node_modules/webidl-conversions
2709 silly ADD node_modules/node-fetch/node_modules/tr46
2710 silly ADD node_modules/node-fetch/node_modules/whatwg-url
2711 silly ADD node_modules/morgan
2712 silly ADD node_modules/morgan/node_modules/ms
2713 silly ADD node_modules/morgan/node_modules/debug
2714 silly ADD node_modules/marked-terminal
2715 silly ADD node_modules/marked-terminal/node_modules/chalk
2716 silly ADD node_modules/marked-terminal/node_modules/ansi-regex
2717 silly ADD node_modules/marked-terminal/node_modules/ansi-escapes
2718 silly ADD node_modules/marked
2719 silly ADD node_modules/lsofi
2720 silly ADD node_modules/libsodium-wrappers
2721 silly ADD node_modules/jsonwebtoken
2722 silly ADD node_modules/google-auth-library
2723 silly ADD node_modules/gaxios
2724 silly ADD node_modules/gaxios/node_modules/agent-base
2725 silly ADD node_modules/gaxios/node_modules/uuid
2726 silly ADD node_modules/gaxios/node_modules/https-proxy-agent
2727 silly ADD node_modules/fuzzy
2728 silly ADD node_modules/exegesis-express
2729 silly ADD node_modules/exegesis
2730 silly ADD node_modules/exegesis/node_modules/brace-expansion
2731 silly ADD node_modules/exegesis/node_modules/minipass
2732 silly ADD node_modules/exegesis/node_modules/minimatch
2733 silly ADD node_modules/exegesis/node_modules/glob
2734 silly ADD node_modules/csv-parse
2735 silly ADD node_modules/cross-env
2736 silly ADD node_modules/configstore
2737 silly ADD node_modules/configstore/node_modules/semver
2738 silly ADD node_modules/configstore/node_modules/make-dir
2739 silly ADD node_modules/cli-table3
2740 silly ADD node_modules/cjson
2741 silly ADD node_modules/async-lock
2742 silly ADD node_modules/archiver
2743 silly ADD node_modules/archiver/node_modules/buffer
2744 silly ADD node_modules/archiver/node_modules/readable-stream
2745 silly ADD node_modules/abort-controller
2746 silly ADD node_modules/@modelcontextprotocol/sdk
2747 silly ADD node_modules/@modelcontextprotocol/sdk/node_modules/media-typer
2748 silly ADD node_modules/@modelcontextprotocol/sdk/node_modules/mime-db
2749 silly ADD node_modules/@modelcontextprotocol/sdk/node_modules/iconv-lite
2750 silly ADD node_modules/@modelcontextprotocol/sdk/node_modules/negotiator
2751 silly ADD node_modules/@modelcontextprotocol/sdk/node_modules/type-is
2752 silly ADD node_modules/@modelcontextprotocol/sdk/node_modules/type-is/node_modules/content-type
2753 silly ADD node_modules/@modelcontextprotocol/sdk/node_modules/statuses
2754 silly ADD node_modules/@modelcontextprotocol/sdk/node_modules/serve-static
2755 silly ADD node_modules/@modelcontextprotocol/sdk/node_modules/send
2756 silly ADD node_modules/@modelcontextprotocol/sdk/node_modules/mime-types
2757 silly ADD node_modules/@modelcontextprotocol/sdk/node_modules/merge-descriptors
2758 silly ADD node_modules/@modelcontextprotocol/sdk/node_modules/fresh
2759 silly ADD node_modules/@modelcontextprotocol/sdk/node_modules/finalhandler
2760 silly ADD node_modules/@modelcontextprotocol/sdk/node_modules/encodeurl
2761 silly ADD node_modules/@modelcontextprotocol/sdk/node_modules/cookie-signature
2762 silly ADD node_modules/@modelcontextprotocol/sdk/node_modules/content-disposition
2763 silly ADD node_modules/@modelcontextprotocol/sdk/node_modules/body-parser
2764 silly ADD node_modules/@modelcontextprotocol/sdk/node_modules/body-parser/node_modules/content-type
2765 silly ADD node_modules/@modelcontextprotocol/sdk/node_modules/accepts
2766 silly ADD node_modules/@modelcontextprotocol/sdk/node_modules/raw-body
2767 silly ADD node_modules/@modelcontextprotocol/sdk/node_modules/express
2768 silly ADD node_modules/@modelcontextprotocol/sdk/node_modules/ajv-formats
2769 silly ADD node_modules/@modelcontextprotocol/sdk/node_modules/ajv
2770 silly ADD node_modules/@inquirer/prompts
2771 silly ADD node_modules/@google-cloud/pubsub
2772 silly ADD node_modules/@google-cloud/pubsub/node_modules/data-uri-to-buffer
2773 silly ADD node_modules/@google-cloud/pubsub/node_modules/agent-base
2774 silly ADD node_modules/@google-cloud/pubsub/node_modules/node-fetch
2775 silly ADD node_modules/@google-cloud/pubsub/node_modules/https-proxy-agent
2776 silly ADD node_modules/@google-cloud/pubsub/node_modules/google-logging-utils
2777 silly ADD node_modules/@google-cloud/pubsub/node_modules/gcp-metadata
2778 silly ADD node_modules/@google-cloud/pubsub/node_modules/gaxios
2779 silly ADD node_modules/@google-cloud/pubsub/node_modules/google-auth-library
2780 silly ADD node_modules/@google-cloud/cloud-sql-connector
2781 silly ADD node_modules/@google-cloud/cloud-sql-connector/node_modules/data-uri-to-buffer
2782 silly ADD node_modules/@google-cloud/cloud-sql-connector/node_modules/agent-base
2783 silly ADD node_modules/@google-cloud/cloud-sql-connector/node_modules/google-logging-utils
2784 silly ADD node_modules/@google-cloud/cloud-sql-connector/node_modules/gcp-metadata
2785 silly ADD node_modules/@google-cloud/cloud-sql-connector/node_modules/node-fetch
2786 silly ADD node_modules/@google-cloud/cloud-sql-connector/node_modules/https-proxy-agent
2787 silly ADD node_modules/@google-cloud/cloud-sql-connector/node_modules/google-auth-library
2788 silly ADD node_modules/@google-cloud/cloud-sql-connector/node_modules/gaxios
2789 silly ADD node_modules/@electric-sql/pglite-tools
2790 silly ADD node_modules/@electric-sql/pglite
2791 silly ADD node_modules/@apphosting/common
2792 silly ADD node_modules/firebase-tools
2793 silly ADD node_modules/firebase-tools/node_modules/brace-expansion
2794 silly ADD node_modules/firebase-tools/node_modules/yallist
2795 silly ADD node_modules/firebase-tools/node_modules/minizlib
2796 silly ADD node_modules/firebase-tools/node_modules/chownr
2797 silly ADD node_modules/firebase-tools/node_modules/is-wsl
2798 silly ADD node_modules/firebase-tools/node_modules/argparse
2799 silly ADD node_modules/firebase-tools/node_modules/minipass
2800 silly ADD node_modules/firebase-tools/node_modules/universalify
2801 silly ADD node_modules/firebase-tools/node_modules/jsonfile
2802 silly ADD node_modules/firebase-tools/node_modules/ws
2803 silly ADD node_modules/firebase-tools/node_modules/tmp
2804 silly ADD node_modules/firebase-tools/node_modules/tar
2805 silly ADD node_modules/firebase-tools/node_modules/retry
2806 silly ADD node_modules/firebase-tools/node_modules/open
2807 silly ADD node_modules/firebase-tools/node_modules/js-yaml
2808 silly ADD node_modules/firebase-tools/node_modules/ignore
2809 silly ADD node_modules/firebase-tools/node_modules/glob
2810 silly ADD node_modules/firebase-tools/node_modules/glob/node_modules/minimatch
2811 silly ADD node_modules/firebase-tools/node_modules/fs-extra
2812 silly ADD node_modules/firebase-tools/node_modules/form-data
2813 silly ADD node_modules/firebase-tools/node_modules/commander
2814 silly ADD node_modules/firebase-tools/node_modules/chokidar
2815 silly ADD node_modules/firebase-tools/node_modules/ajv-formats
2816 silly ADD node_modules/firebase-tools/node_modules/ajv
2817 silly ADD
2818 silly ADD
2819 silly ADD
2820 silly ADD
2821 silly ADD
2822 silly ADD
2823 silly ADD
2824 silly ADD
2825 silly ADD
2826 silly ADD
2827 silly ADD
2828 silly ADD
2829 silly ADD
2830 silly ADD
2831 silly ADD
2832 silly ADD
2833 silly ADD
2834 silly ADD
2835 silly ADD
2836 silly ADD
2837 silly ADD
2838 verbose cwd /Users/annasahebkute/Documents/My workplace/001 My Product/006 my-stock-portfolio/my-stock-widget
2839 verbose os Darwin 25.5.0
2840 verbose node v20.19.0
2841 verbose npm  v10.8.2
2842 verbose exit 0
2843 info ok
